id,objectid,band,long,lat,read,map,map_rescaled
12513,693,02,4.2655441829302,39.40524309197311,18.22,1677,0.1677
16642,693,04,4.2655441829302,39.40524309197311,18.22,1430,0.143
8384,693,06,4.2655441829302,39.40524309197311,18.22,1374,0.1374
126,693,05,4.2655441829302,39.40524309197311,18.22,1427,0.1427
24900,693,11,4.2655441829302,39.40524309197311,18.22,1388,0.1388
20771,693,07,4.2655441829302,39.40524309197311,18.22,1410,0.141
4255,693,8A,4.2655441829302,39.40524309197311,18.22,1460,0.146
33158,693,08,4.2655441829302,39.40524309197311,18.22,1383,0.1383
29029,693,03,4.2655441829302,39.40524309197311,18.22,1515,0.1515
41416,693,05,4.2655441829302,39.40524309197311,18.22,1228,0.1228
37287,693,12,4.2655441829302,39.40524309197311,18.22,1430,0.143
45545,693,8A,4.2655441829302,39.40524309197311,18.22,1193,0.1193
78577,693,12,4.2655441829302,39.40524309197311,18.22,1173,0.1173
74448,693,08,4.2655441829302,39.40524309197311,18.22,1234,0.1234
62061,693,07,4.2655441829302,39.40524309197311,18.22,1186,0.1186
49674,693,06,4.2655441829302,39.40524309197311,18.22,1218,0.1218
66190,693,11,4.2655441829302,39.40524309197311,18.22,1194,0.1194
57932,693,04,4.2655441829302,39.40524309197311,18.22,1204,0.1204
70319,693,03,4.2655441829302,39.40524309197311,18.22,1289,0.1289
53803,693,02,4.2655441829302,39.40524309197311,18.22,1523,0.1523
49675,694,06,4.310963118679639,39.40459008768584,2.73,1218,0.1218
66191,694,11,4.310963118679639,39.40459008768584,2.73,1194,0.1194
53804,694,02,4.310963118679639,39.40459008768584,2.73,1523,0.1523
57933,694,04,4.310963118679639,39.40459008768584,2.73,1204,0.1204
70320,694,03,4.310963118679639,39.40459008768584,2.73,1289,0.1289
62062,694,07,4.310963118679639,39.40459008768584,2.73,1186,0.1186
29030,694,03,4.310963118679639,39.40459008768584,2.73,1515,0.1515
33159,694,08,4.310963118679639,39.40459008768584,2.73,1383,0.1383
41417,694,05,4.310963118679639,39.40459008768584,2.73,1228,0.1228
45546,694,8A,4.310963118679639,39.40459008768584,2.73,1193,0.1193
37288,694,12,4.310963118679639,39.40459008768584,2.73,1430,0.143
127,694,05,4.310963118679639,39.40459008768584,2.73,1427,0.1427
12514,694,02,4.310963118679639,39.40459008768584,2.73,1677,0.1677
8385,694,06,4.310963118679639,39.40459008768584,2.73,1374,0.1374
16643,694,04,4.310963118679639,39.40459008768584,2.73,1430,0.143
24901,694,11,4.310963118679639,39.40459008768584,2.73,1388,0.1388
20772,694,07,4.310963118679639,39.40459008768584,2.73,1410,0.141
4256,694,8A,4.310963118679639,39.40459008768584,2.73,1460,0.146
78578,694,12,4.310963118679639,39.40459008768584,2.73,1173,0.1173
74449,694,08,4.310963118679639,39.40459008768584,2.73,1234,0.1234
74450,695,08,3.9965450024038605,39.36987922793653,18.17,1234,0.1234
78579,695,12,3.9965450024038605,39.36987922793653,18.17,1173,0.1173
29031,695,03,3.9965450024038605,39.36987922793653,18.17,1515,0.1515
45547,695,8A,3.9965450024038605,39.36987922793653,18.17,1193,0.1193
33160,695,08,3.9965450024038605,39.36987922793653,18.17,1383,0.1383
37289,695,12,3.9965450024038605,39.36987922793653,18.17,1430,0.143
41418,695,05,3.9965450024038605,39.36987922793653,18.17,1228,0.1228
70321,695,03,3.9965450024038605,39.36987922793653,18.17,1289,0.1289
49676,695,06,3.9965450024038605,39.36987922793653,18.17,1218,0.1218
53805,695,02,3.9965450024038605,39.36987922793653,18.17,1523,0.1523
62063,695,07,3.9965450024038605,39.36987922793653,18.17,1186,0.1186
66192,695,11,3.9965450024038605,39.36987922793653,18.17,1194,0.1194
57934,695,04,3.9965450024038605,39.36987922793653,18.17,1204,0.1204
24902,695,11,3.9965450024038605,39.36987922793653,18.17,1388,0.1388
128,695,05,3.9965450024038605,39.36987922793653,18.17,1427,0.1427
16644,695,04,3.9965450024038605,39.36987922793653,18.17,1430,0.143
20773,695,07,3.9965450024038605,39.36987922793653,18.17,1410,0.141
8386,695,06,3.9965450024038605,39.36987922793653,18.17,1374,0.1374
4257,695,8A,3.9965450024038605,39.36987922793653,18.17,1460,0.146
12515,695,02,3.9965450024038605,39.36987922793653,18.17,1677,0.1677
16645,918,04,4.041462010776505,39.369878290418164,5.58,1430,0.143
24903,918,11,4.041462010776505,39.369878290418164,5.58,1388,0.1388
4258,918,8A,4.041462010776505,39.369878290418164,5.58,1460,0.146
8387,918,06,4.041462010776505,39.369878290418164,5.58,1374,0.1374
20774,918,07,4.041462010776505,39.369878290418164,5.58,1410,0.141
12516,918,02,4.041462010776505,39.369878290418164,5.58,1677,0.1677
129,918,05,4.041462010776505,39.369878290418164,5.58,1427,0.1427
33161,918,08,4.041462010776505,39.369878290418164,5.58,1383,0.1383
41419,918,05,4.041462010776505,39.369878290418164,5.58,1228,0.1228
29032,918,03,4.041462010776505,39.369878290418164,5.58,1515,0.1515
45548,918,8A,4.041462010776505,39.369878290418164,5.58,1193,0.1193
37290,918,12,4.041462010776505,39.369878290418164,5.58,1430,0.143
74451,918,08,4.041462010776505,39.369878290418164,5.58,1234,0.1234
78580,918,12,4.041462010776505,39.369878290418164,5.58,1173,0.1173
70322,918,03,4.041462010776505,39.369878290418164,5.58,1289,0.1289
66193,918,11,4.041462010776505,39.369878290418164,5.58,1194,0.1194
62064,918,07,4.041462010776505,39.369878290418164,5.58,1186,0.1186
57935,918,04,4.041462010776505,39.369878290418164,5.58,1204,0.1204
53806,918,02,4.041462010776505,39.369878290418164,5.58,1523,0.1523
49677,918,06,4.041462010776505,39.369878290418164,5.58,1218,0.1218
57936,919,04,4.0863792688807985,39.36987772790715,3.59,1204,0.1204
66194,919,11,4.0863792688807985,39.36987772790715,3.59,1194,0.1194
70323,919,03,4.0863792688807985,39.36987772790715,3.59,1289,0.1289
62065,919,07,4.0863792688807985,39.36987772790715,3.59,1186,0.1186
49678,919,06,4.0863792688807985,39.36987772790715,3.59,1218,0.1218
53807,919,02,4.0863792688807985,39.36987772790715,3.59,1523,0.1523
37291,919,12,4.0863792688807985,39.36987772790715,3.59,1430,0.143
29033,919,03,4.0863792688807985,39.36987772790715,3.59,1515,0.1515
45549,919,8A,4.0863792688807985,39.36987772790715,3.59,1193,0.1193
41420,919,05,4.0863792688807985,39.36987772790715,3.59,1228,0.1228
33162,919,08,4.0863792688807985,39.36987772790715,3.59,1383,0.1383
4259,919,8A,4.0863792688807985,39.36987772790715,3.59,1460,0.146
16646,919,04,4.0863792688807985,39.36987772790715,3.59,1430,0.143
130,919,05,4.0863792688807985,39.36987772790715,3.59,1427,0.1427
24904,919,11,4.0863792688807985,39.36987772790715,3.59,1388,0.1388
12517,919,02,4.0863792688807985,39.36987772790715,3.59,1677,0.1677
8388,919,06,4.0863792688807985,39.36987772790715,3.59,1374,0.1374
20775,919,07,4.0863792688807985,39.36987772790715,3.59,1410,0.141
74452,919,08,4.0863792688807985,39.36987772790715,3.59,1234,0.1234
78581,919,12,4.0863792688807985,39.36987772790715,3.59,1173,0.1173
78582,920,12,4.131296543154767,39.36987729734316,7.37,1173,0.1173
74453,920,08,4.131296543154767,39.36987729734316,7.37,1234,0.1234
33163,920,08,4.131296543154767,39.36987729734316,7.37,1383,0.1383
41421,920,05,4.131296543154767,39.36987729734316,7.37,1228,0.1228
37292,920,12,4.131296543154767,39.36987729734316,7.37,1430,0.143
29034,920,03,4.131296543154767,39.36987729734316,7.37,1515,0.1515
45550,920,8A,4.131296543154767,39.36987729734316,7.37,1193,0.1193
70324,920,03,4.131296543154767,39.36987729734316,7.37,1289,0.1289
57937,920,04,4.131296543154767,39.36987729734316,7.37,1204,0.1204
66195,920,11,4.131296543154767,39.36987729734316,7.37,1194,0.1194
53808,920,02,4.131296543154767,39.36987729734316,7.37,1523,0.1523
49679,920,06,4.131296543154767,39.36987729734316,7.37,1218,0.1218
62066,920,07,4.131296543154767,39.36987729734316,7.37,1186,0.1186
4260,920,8A,4.131296543154767,39.36987729734316,7.37,1460,0.146
20776,920,07,4.131296543154767,39.36987729734316,7.37,1410,0.141
16647,920,04,4.131296543154767,39.36987729734316,7.37,1430,0.143
131,920,05,4.131296543154767,39.36987729734316,7.37,1427,0.1427
12518,920,02,4.131296543154767,39.36987729734316,7.37,1677,0.1677
24905,920,11,4.131296543154767,39.36987729734316,7.37,1388,0.1388
8389,920,06,4.131296543154767,39.36987729734316,7.37,1374,0.1374
16864,3720,04,2.5142449009200094,38.882115689797246,4.21,1430,0.143
4477,3720,8A,2.5142449009200094,38.882115689797246,4.21,1460,0.146
348,3720,05,2.5142449009200094,38.882115689797246,4.21,1427,0.1427
8606,3720,06,2.5142449009200094,38.882115689797246,4.21,1374,0.1374
20993,3720,07,2.5142449009200094,38.882115689797246,4.21,1410,0.141
12735,3720,02,2.5142449009200094,38.882115689797246,4.21,1677,0.1677
41638,3720,05,2.5142449009200094,38.882115689797246,4.21,1228,0.1228
45767,3720,8A,2.5142449009200094,38.882115689797246,4.21,1193,0.1193
25122,3720,11,2.5142449009200094,38.882115689797246,4.21,1388,0.1388
29251,3720,03,2.5142449009200094,38.882115689797246,4.21,1515,0.1515
33380,3720,08,2.5142449009200094,38.882115689797246,4.21,1383,0.1383
37509,3720,12,2.5142449009200094,38.882115689797246,4.21,1430,0.143
78799,3720,12,2.5142449009200094,38.882115689797246,4.21,1173,0.1173
74670,3720,08,2.5142449009200094,38.882115689797246,4.21,1234,0.1234
70541,3720,03,2.5142449009200094,38.882115689797246,4.21,1289,0.1289
54025,3720,02,2.5142449009200094,38.882115689797246,4.21,1523,0.1523
62283,3720,07,2.5142449009200094,38.882115689797246,4.21,1186,0.1186
66412,3720,11,2.5142449009200094,38.882115689797246,4.21,1194,0.1194
49896,3720,06,2.5142449009200094,38.882115689797246,4.21,1218,0.1218
58154,3720,04,2.5142449009200094,38.882115689797246,4.21,1204,0.1204
54026,3721,02,2.5589903436498007,38.8816121197901,11.37,1523,0.1523
66413,3721,11,2.5589903436498007,38.8816121197901,11.37,1194,0.1194
62284,3721,07,2.5589903436498007,38.8816121197901,11.37,1186,0.1186
49897,3721,06,2.5589903436498007,38.8816121197901,11.37,1218,0.1218
70542,3721,03,2.5589903436498007,38.8816121197901,11.37,1289,0.1289
58155,3721,04,2.5589903436498007,38.8816121197901,11.37,1204,0.1204
29252,3721,03,2.5589903436498007,38.8816121197901,11.37,1515,0.1515
33381,3721,08,2.5589903436498007,38.8816121197901,11.37,1383,0.1383
37510,3721,12,2.5589903436498007,38.8816121197901,11.37,1430,0.143
45768,3721,8A,2.5589903436498007,38.8816121197901,11.37,1193,0.1193
25123,3721,11,2.5589903436498007,38.8816121197901,11.37,1388,0.1388
41639,3721,05,2.5589903436498007,38.8816121197901,11.37,1228,0.1228
349,3721,05,2.5589903436498007,38.8816121197901,11.37,1427,0.1427
8607,3721,06,2.5589903436498007,38.8816121197901,11.37,1374,0.1374
16865,3721,04,2.5589903436498007,38.8816121197901,11.37,1430,0.143
20994,3721,07,2.5589903436498007,38.8816121197901,11.37,1410,0.141
12736,3721,02,2.5589903436498007,38.8816121197901,11.37,1677,0.1677
4478,3721,8A,2.5589903436498007,38.8816121197901,11.37,1460,0.146
74671,3721,08,2.5589903436498007,38.8816121197901,11.37,1234,0.1234
78800,3721,12,2.5589903436498007,38.8816121197901,11.37,1173,0.1173
74672,3722,08,2.6038613987040864,38.88187080719464,1.21,1234,0.1234
78801,3722,12,2.6038613987040864,38.88187080719464,1.21,1173,0.1173
33382,3722,08,2.6038613987040864,38.88187080719464,1.21,1383,0.1383
25124,3722,11,2.6038613987040864,38.88187080719464,1.21,1388,0.1388
41640,3722,05,2.6038613987040864,38.88187080719464,1.21,1228,0.1228
45769,3722,8A,2.6038613987040864,38.88187080719464,1.21,1193,0.1193
29253,3722,03,2.6038613987040864,38.88187080719464,1.21,1515,0.1515
37511,3722,12,2.6038613987040864,38.88187080719464,1.21,1430,0.143
54027,3722,02,2.6038613987040864,38.88187080719464,1.21,1523,0.1523
58156,3722,04,2.6038613987040864,38.88187080719464,1.21,1204,0.1204
66414,3722,11,2.6038613987040864,38.88187080719464,1.21,1194,0.1194
62285,3722,07,2.6038613987040864,38.88187080719464,1.21,1186,0.1186
70543,3722,03,2.6038613987040864,38.88187080719464,1.21,1289,0.1289
49898,3722,06,2.6038613987040864,38.88187080719464,1.21,1218,0.1218
350,3722,05,2.6038613987040864,38.88187080719464,1.21,1427,0.1427
8608,3722,06,2.6038613987040864,38.88187080719464,1.21,1374,0.1374
4479,3722,8A,2.6038613987040864,38.88187080719464,1.21,1460,0.146
16866,3722,04,2.6038613987040864,38.88187080719464,1.21,1430,0.143
20995,3722,07,2.6038613987040864,38.88187080719464,1.21,1410,0.141
12737,3722,02,2.6038613987040864,38.88187080719464,1.21,1677,0.1677
8609,3723,06,2.649046828175202,38.8820735929023,1.02,1374,0.1374
12738,3723,02,2.649046828175202,38.8820735929023,1.02,1677,0.1677
351,3723,05,2.649046828175202,38.8820735929023,1.02,1427,0.1427
20996,3723,07,2.649046828175202,38.8820735929023,1.02,1410,0.141
4480,3723,8A,2.649046828175202,38.8820735929023,1.02,1460,0.146
16867,3723,04,2.649046828175202,38.8820735929023,1.02,1430,0.143
25125,3723,11,2.649046828175202,38.8820735929023,1.02,1388,0.1388
41641,3723,05,2.649046828175202,38.8820735929023,1.02,1228,0.1228
45770,3723,8A,2.649046828175202,38.8820735929023,1.02,1193,0.1193
33383,3723,08,2.649046828175202,38.8820735929023,1.02,1383,0.1383
29254,3723,03,2.649046828175202,38.8820735929023,1.02,1515,0.1515
37512,3723,12,2.649046828175202,38.8820735929023,1.02,1430,0.143
78802,3723,12,2.649046828175202,38.8820735929023,1.02,1173,0.1173
74673,3723,08,2.649046828175202,38.8820735929023,1.02,1234,0.1234
54028,3723,02,2.649046828175202,38.8820735929023,1.02,1523,0.1523
62286,3723,07,2.649046828175202,38.8820735929023,1.02,1186,0.1186
58157,3723,04,2.649046828175202,38.8820735929023,1.02,1204,0.1204
66415,3723,11,2.649046828175202,38.8820735929023,1.02,1194,0.1194
70544,3723,03,2.649046828175202,38.8820735929023,1.02,1289,0.1289
49899,3723,06,2.649046828175202,38.8820735929023,1.02,1218,0.1218
62287,3724,07,2.6939628367229354,38.88207362786651,0.96,1186,0.1186
58158,3724,04,2.6939628367229354,38.88207362786651,0.96,1204,0.1204
66416,3724,11,2.6939628367229354,38.88207362786651,0.96,1194,0.1194
70545,3724,03,2.6939628367229354,38.88207362786651,0.96,1289,0.1289
49900,3724,06,2.6939628367229354,38.88207362786651,0.96,1218,0.1218
54029,3724,02,2.6939628367229354,38.88207362786651,0.96,1523,0.1523
41642,3724,05,2.6939628367229354,38.88207362786651,0.96,1228,0.1228
25126,3724,11,2.6939628367229354,38.88207362786651,0.96,1388,0.1388
37513,3724,12,2.6939628367229354,38.88207362786651,0.96,1430,0.143
33384,3724,08,2.6939628367229354,38.88207362786651,0.96,1383,0.1383
45771,3724,8A,2.6939628367229354,38.88207362786651,0.96,1193,0.1193
29255,3724,03,2.6939628367229354,38.88207362786651,0.96,1515,0.1515
352,3724,05,2.6939628367229354,38.88207362786651,0.96,1427,0.1427
16868,3724,04,2.6939628367229354,38.88207362786651,0.96,1430,0.143
8610,3724,06,2.6939628367229354,38.88207362786651,0.96,1374,0.1374
20997,3724,07,2.6939628367229354,38.88207362786651,0.96,1410,0.141
4481,3724,8A,2.6939628367229354,38.88207362786651,0.96,1460,0.146
12739,3724,02,2.6939628367229354,38.88207362786651,0.96,1677,0.1677
78803,3724,12,2.6939628367229354,38.88207362786651,0.96,1173,0.1173
74674,3724,08,2.6939628367229354,38.88207362786651,0.96,1234,0.1234
74675,3725,08,2.7390048079381235,38.88255620923036,1.01,1234,0.1234
78804,3725,12,2.7390048079381235,38.88255620923036,1.01,1173,0.1173
41643,3725,05,2.7390048079381235,38.88255620923036,1.01,1228,0.1228
33385,3725,08,2.7390048079381235,38.88255620923036,1.01,1383,0.1383
29256,3725,03,2.7390048079381235,38.88255620923036,1.01,1515,0.1515
37514,3725,12,2.7390048079381235,38.88255620923036,1.01,1430,0.143
45772,3725,8A,2.7390048079381235,38.88255620923036,1.01,1193,0.1193
25127,3725,11,2.7390048079381235,38.88255620923036,1.01,1388,0.1388
62288,3725,07,2.7390048079381235,38.88255620923036,1.01,1186,0.1186
49901,3725,06,2.7390048079381235,38.88255620923036,1.01,1218,0.1218
70546,3725,03,2.7390048079381235,38.88255620923036,1.01,1289,0.1289
54030,3725,02,2.7390048079381235,38.88255620923036,1.01,1523,0.1523
58159,3725,04,2.7390048079381235,38.88255620923036,1.01,1204,0.1204
66417,3725,11,2.7390048079381235,38.88255620923036,1.01,1194,0.1194
8611,3725,06,2.7390048079381235,38.88255620923036,1.01,1374,0.1374
353,3725,05,2.7390048079381235,38.88255620923036,1.01,1427,0.1427
12740,3725,02,2.7390048079381235,38.88255620923036,1.01,1677,0.1677
16869,3725,04,2.7390048079381235,38.88255620923036,1.01,1430,0.143
4482,3725,8A,2.7390048079381235,38.88255620923036,1.01,1460,0.146
20998,3725,07,2.7390048079381235,38.88255620923036,1.01,1410,0.141
4483,3726,8A,2.7837955077919294,38.88207385863029,1.13,1460,0.146
354,3726,05,2.7837955077919294,38.88207385863029,1.13,1427,0.1427
12741,3726,02,2.7837955077919294,38.88207385863029,1.13,1677,0.1677
16870,3726,04,2.7837955077919294,38.88207385863029,1.13,1430,0.143
20999,3726,07,2.7837955077919294,38.88207385863029,1.13,1410,0.141
8612,3726,06,2.7837955077919294,38.88207385863029,1.13,1374,0.1374
29257,3726,03,2.7837955077919294,38.88207385863029,1.13,1515,0.1515
33386,3726,08,2.7837955077919294,38.88207385863029,1.13,1383,0.1383
25128,3726,11,2.7837955077919294,38.88207385863029,1.13,1388,0.1388
45773,3726,8A,2.7837955077919294,38.88207385863029,1.13,1193,0.1193
37515,3726,12,2.7837955077919294,38.88207385863029,1.13,1430,0.143
41644,3726,05,2.7837955077919294,38.88207385863029,1.13,1228,0.1228
74676,3726,08,2.7837955077919294,38.88207385863029,1.13,1234,0.1234
78805,3726,12,2.7837955077919294,38.88207385863029,1.13,1173,0.1173
62289,3726,07,2.7837955077919294,38.88207385863029,1.13,1186,0.1186
54031,3726,02,2.7837955077919294,38.88207385863029,1.13,1523,0.1523
49902,3726,06,2.7837955077919294,38.88207385863029,1.13,1218,0.1218
66418,3726,11,2.7837955077919294,38.88207385863029,1.13,1194,0.1194
70547,3726,03,2.7837955077919294,38.88207385863029,1.13,1289,0.1289
58160,3726,04,2.7837955077919294,38.88207385863029,1.13,1204,0.1204
54032,3727,02,2.8287121963643327,38.88207410337975,1.99,1523,0.1523
70548,3727,03,2.8287121963643327,38.88207410337975,1.99,1289,0.1289
49903,3727,06,2.8287121963643327,38.88207410337975,1.99,1218,0.1218
62290,3727,07,2.8287121963643327,38.88207410337975,1.99,1186,0.1186
58161,3727,04,2.8287121963643327,38.88207410337975,1.99,1204,0.1204
66419,3727,11,2.8287121963643327,38.88207410337975,1.99,1194,0.1194
45774,3727,8A,2.8287121963643327,38.88207410337975,1.99,1193,0.1193
33387,3727,08,2.8287121963643327,38.88207410337975,1.99,1383,0.1383
25129,3727,11,2.8287121963643327,38.88207410337975,1.99,1388,0.1388
29258,3727,03,2.8287121963643327,38.88207410337975,1.99,1515,0.1515
41645,3727,05,2.8287121963643327,38.88207410337975,1.99,1228,0.1228
37516,3727,12,2.8287121963643327,38.88207410337975,1.99,1430,0.143
16871,3727,04,2.8287121963643327,38.88207410337975,1.99,1430,0.143
4484,3727,8A,2.8287121963643327,38.88207410337975,1.99,1460,0.146
8613,3727,06,2.8287121963643327,38.88207410337975,1.99,1374,0.1374
12742,3727,02,2.8287121963643327,38.88207410337975,1.99,1677,0.1677
21000,3727,07,2.8287121963643327,38.88207410337975,1.99,1410,0.141
355,3727,05,2.8287121963643327,38.88207410337975,1.99,1427,0.1427
74677,3727,08,2.8287121963643327,38.88207410337975,1.99,1234,0.1234
78806,3727,12,2.8287121963643327,38.88207410337975,1.99,1173,0.1173
78807,3728,12,2.8732605738736163,38.88073167487493,2.58,1173,0.1173
74678,3728,08,2.8732605738736163,38.88073167487493,2.58,1234,0.1234
45775,3728,8A,2.8732605738736163,38.88073167487493,2.58,1193,0.1193
29259,3728,03,2.8732605738736163,38.88073167487493,2.58,1515,0.1515
33388,3728,08,2.8732605738736163,38.88073167487493,2.58,1383,0.1383
37517,3728,12,2.8732605738736163,38.88073167487493,2.58,1430,0.143
25130,3728,11,2.8732605738736163,38.88073167487493,2.58,1388,0.1388
41646,3728,05,2.8732605738736163,38.88073167487493,2.58,1228,0.1228
54033,3728,02,2.8732605738736163,38.88073167487493,2.58,1523,0.1523
58162,3728,04,2.8732605738736163,38.88073167487493,2.58,1204,0.1204
70549,3728,03,2.8732605738736163,38.88073167487493,2.58,1289,0.1289
62291,3728,07,2.8732605738736163,38.88073167487493,2.58,1186,0.1186
66420,3728,11,2.8732605738736163,38.88073167487493,2.58,1194,0.1194
49904,3728,06,2.8732605738736163,38.88073167487493,2.58,1218,0.1218
4485,3728,8A,2.8732605738736163,38.88073167487493,2.58,1460,0.146
356,3728,05,2.8732605738736163,38.88073167487493,2.58,1427,0.1427
21001,3728,07,2.8732605738736163,38.88073167487493,2.58,1410,0.141
16872,3728,04,2.8732605738736163,38.88073167487493,2.58,1430,0.143
8614,3728,06,2.8732605738736163,38.88073167487493,2.58,1374,0.1374
12743,3728,02,2.8732605738736163,38.88073167487493,2.58,1677,0.1677
16873,3729,04,2.9185454881691877,38.88207440407195,1.53,1430,0.143
357,3729,05,2.9185454881691877,38.88207440407195,1.53,1427,0.1427
12744,3729,02,2.9185454881691877,38.88207440407195,1.53,1677,0.1677
4486,3729,8A,2.9185454881691877,38.88207440407195,1.53,1460,0.146
8615,3729,06,2.9185454881691877,38.88207440407195,1.53,1374,0.1374
21002,3729,07,2.9185454881691877,38.88207440407195,1.53,1410,0.141
37518,3729,12,2.9185454881691877,38.88207440407195,1.53,1430,0.143
45776,3729,8A,2.9185454881691877,38.88207440407195,1.53,1193,0.1193
33389,3729,08,2.9185454881691877,38.88207440407195,1.53,1383,0.1383
29260,3729,03,2.9185454881691877,38.88207440407195,1.53,1515,0.1515
41647,3729,05,2.9185454881691877,38.88207440407195,1.53,1228,0.1228
25131,3729,11,2.9185454881691877,38.88207440407195,1.53,1388,0.1388
74679,3729,08,2.9185454881691877,38.88207440407195,1.53,1234,0.1234
78808,3729,12,2.9185454881691877,38.88207440407195,1.53,1173,0.1173
70550,3729,03,2.9185454881691877,38.88207440407195,1.53,1289,0.1289
66421,3729,11,2.9185454881691877,38.88207440407195,1.53,1194,0.1194
58163,3729,04,2.9185454881691877,38.88207440407195,1.53,1204,0.1204
54034,3729,02,2.9185454881691877,38.88207440407195,1.53,1523,0.1523
62292,3729,07,2.9185454881691877,38.88207440407195,1.53,1186,0.1186
49905,3729,06,2.9185454881691877,38.88207440407195,1.53,1218,0.1218
66422,3730,11,2.963461690753022,38.88207411037259,4.33,1194,0.1194
58164,3730,04,2.963461690753022,38.88207411037259,4.33,1204,0.1204
62293,3730,07,2.963461690753022,38.88207411037259,4.33,1186,0.1186
54035,3730,02,2.963461690753022,38.88207411037259,4.33,1523,0.1523
70551,3730,03,2.963461690753022,38.88207411037259,4.33,1289,0.1289
49906,3730,06,2.963461690753022,38.88207411037259,4.33,1218,0.1218
33390,3730,08,2.963461690753022,38.88207411037259,4.33,1383,0.1383
29261,3730,03,2.963461690753022,38.88207411037259,4.33,1515,0.1515
25132,3730,11,2.963461690753022,38.88207411037259,4.33,1388,0.1388
41648,3730,05,2.963461690753022,38.88207411037259,4.33,1228,0.1228
45777,3730,8A,2.963461690753022,38.88207411037259,4.33,1193,0.1193
37519,3730,12,2.963461690753022,38.88207411037259,4.33,1430,0.143
16874,3730,04,2.963461690753022,38.88207411037259,4.33,1430,0.143
358,3730,05,2.963461690753022,38.88207411037259,4.33,1427,0.1427
21003,3730,07,2.963461690753022,38.88207411037259,4.33,1410,0.141
8616,3730,06,2.963461690753022,38.88207411037259,4.33,1374,0.1374
4487,3730,8A,2.963461690753022,38.88207411037259,4.33,1460,0.146
12745,3730,02,2.963461690753022,38.88207411037259,4.33,1677,0.1677
74680,3730,08,2.963461690753022,38.88207411037259,4.33,1234,0.1234
78809,3730,12,2.963461690753022,38.88207411037259,4.33,1173,0.1173
78810,3731,12,3.0083778861503347,38.88207374674482,2.34,1173,0.1173
74681,3731,08,3.0083778861503347,38.88207374674482,2.34,1234,0.1234
41649,3731,05,3.0083778861503347,38.88207374674482,2.34,1228,0.1228
33391,3731,08,3.0083778861503347,38.88207374674482,2.34,1383,0.1383
25133,3731,11,3.0083778861503347,38.88207374674482,2.34,1388,0.1388
45778,3731,8A,3.0083778861503347,38.88207374674482,2.34,1193,0.1193
37520,3731,12,3.0083778861503347,38.88207374674482,2.34,1430,0.143
29262,3731,03,3.0083778861503347,38.88207374674482,2.34,1515,0.1515
49907,3731,06,3.0083778861503347,38.88207374674482,2.34,1218,0.1218
66423,3731,11,3.0083778861503347,38.88207374674482,2.34,1194,0.1194
58165,3731,04,3.0083778861503347,38.88207374674482,2.34,1204,0.1204
54036,3731,02,3.0083778861503347,38.88207374674482,2.34,1523,0.1523
70552,3731,03,3.0083778861503347,38.88207374674482,2.34,1289,0.1289
62294,3731,07,3.0083778861503347,38.88207374674482,2.34,1186,0.1186
8617,3731,06,3.0083778861503347,38.88207374674482,2.34,1374,0.1374
4488,3731,8A,3.0083778861503347,38.88207374674482,2.34,1460,0.146
16875,3731,04,3.0083778861503347,38.88207374674482,2.34,1430,0.143
359,3731,05,3.0083778861503347,38.88207374674482,2.34,1427,0.1427
12746,3731,02,3.0083778861503347,38.88207374674482,2.34,1677,0.1677
21004,3731,07,3.0083778861503347,38.88207374674482,2.34,1410,0.141
12747,3732,02,3.0533842337746155,38.88208061371508,1.13,1677,0.1677
8618,3732,06,3.0533842337746155,38.88208061371508,1.13,1374,0.1374
16876,3732,04,3.0533842337746155,38.88208061371508,1.13,1430,0.143
21005,3732,07,3.0533842337746155,38.88208061371508,1.13,1410,0.141
4489,3732,8A,3.0533842337746155,38.88208061371508,1.13,1460,0.146
360,3732,05,3.0533842337746155,38.88208061371508,1.13,1427,0.1427
29263,3732,03,3.0533842337746155,38.88208061371508,1.13,1515,0.1515
41650,3732,05,3.0533842337746155,38.88208061371508,1.13,1228,0.1228
33392,3732,08,3.0533842337746155,38.88208061371508,1.13,1383,0.1383
37521,3732,12,3.0533842337746155,38.88208061371508,1.13,1430,0.143
25134,3732,11,3.0533842337746155,38.88208061371508,1.13,1388,0.1388
45779,3732,8A,3.0533842337746155,38.88208061371508,1.13,1193,0.1193
74682,3732,08,3.0533842337746155,38.88208061371508,1.13,1234,0.1234
78811,3732,12,3.0533842337746155,38.88208061371508,1.13,1173,0.1173
49908,3732,06,3.0533842337746155,38.88208061371508,1.13,1218,0.1218
54037,3732,02,3.0533842337746155,38.88208061371508,1.13,1523,0.1523
66424,3732,11,3.0533842337746155,38.88208061371508,1.13,1194,0.1194
62295,3732,07,3.0533842337746155,38.88208061371508,1.13,1186,0.1186
70553,3732,03,3.0533842337746155,38.88208061371508,1.13,1289,0.1289
58166,3732,04,3.0533842337746155,38.88208061371508,1.13,1204,0.1204
62296,3733,07,2.2897167700249814,38.847101082972586,3.6,1186,0.1186
54038,3733,02,2.2897167700249814,38.847101082972586,3.6,1523,0.1523
58167,3733,04,2.2897167700249814,38.847101082972586,3.6,1204,0.1204
49909,3733,06,2.2897167700249814,38.847101082972586,3.6,1218,0.1218
66425,3733,11,2.2897167700249814,38.847101082972586,3.6,1194,0.1194
70554,3733,03,2.2897167700249814,38.847101082972586,3.6,1289,0.1289
45780,3733,8A,2.2897167700249814,38.847101082972586,3.6,1193,0.1193
29264,3733,03,2.2897167700249814,38.847101082972586,3.6,1515,0.1515
33393,3733,08,2.2897167700249814,38.847101082972586,3.6,1383,0.1383
37522,3733,12,2.2897167700249814,38.847101082972586,3.6,1430,0.143
25135,3733,11,2.2897167700249814,38.847101082972586,3.6,1388,0.1388
41651,3733,05,2.2897167700249814,38.847101082972586,3.6,1228,0.1228
361,3733,05,2.2897167700249814,38.847101082972586,3.6,1427,0.1427
16877,3733,04,2.2897167700249814,38.847101082972586,3.6,1430,0.143
8619,3733,06,2.2897167700249814,38.847101082972586,3.6,1374,0.1374
12748,3733,02,2.2897167700249814,38.847101082972586,3.6,1677,0.1677
4490,3733,8A,2.2897167700249814,38.847101082972586,3.6,1460,0.146
21006,3733,07,2.2897167700249814,38.847101082972586,3.6,1410,0.141
74683,3733,08,2.2897167700249814,38.847101082972586,3.6,1234,0.1234
78812,3733,12,2.2897167700249814,38.847101082972586,3.6,1173,0.1173
74718,3734,08,2.3346331271190444,38.847100964035775,1.56,1234,0.1234
78847,3734,12,2.3346331271190444,38.847100964035775,1.56,1173,0.1173
41686,3734,05,2.3346331271190444,38.847100964035775,1.56,1228,0.1228
37557,3734,12,2.3346331271190444,38.847100964035775,1.56,1430,0.143
33428,3734,08,2.3346331271190444,38.847100964035775,1.56,1383,0.1383
25170,3734,11,2.3346331271190444,38.847100964035775,1.56,1388,0.1388
29299,3734,03,2.3346331271190444,38.847100964035775,1.56,1515,0.1515
45815,3734,8A,2.3346331271190444,38.847100964035775,1.56,1193,0.1193
58202,3734,04,2.3346331271190444,38.847100964035775,1.56,1204,0.1204
66460,3734,11,2.3346331271190444,38.847100964035775,1.56,1194,0.1194
54073,3734,02,2.3346331271190444,38.847100964035775,1.56,1523,0.1523
70589,3734,03,2.3346331271190444,38.847100964035775,1.56,1289,0.1289
62331,3734,07,2.3346331271190444,38.847100964035775,1.56,1186,0.1186
49944,3734,06,2.3346331271190444,38.847100964035775,1.56,1218,0.1218
4525,3734,8A,2.3346331271190444,38.847100964035775,1.56,1460,0.146
21041,3734,07,2.3346331271190444,38.847100964035775,1.56,1410,0.141
12783,3734,02,2.3346331271190444,38.847100964035775,1.56,1677,0.1677
396,3734,05,2.3346331271190444,38.847100964035775,1.56,1427,0.1427
16912,3734,04,2.3346331271190444,38.847100964035775,1.56,1430,0.143
8654,3734,06,2.3346331271190444,38.847100964035775,1.56,1374,0.1374
21042,3735,07,2.379549469840064,38.84710081711385,2.86,1410,0.141
8655,3735,06,2.379549469840064,38.84710081711385,2.86,1374,0.1374
12784,3735,02,2.379549469840064,38.84710081711385,2.86,1677,0.1677
16913,3735,04,2.379549469840064,38.84710081711385,2.86,1430,0.143
4526,3735,8A,2.379549469840064,38.84710081711385,2.86,1460,0.146
397,3735,05,2.379549469840064,38.84710081711385,2.86,1427,0.1427
29300,3735,03,2.379549469840064,38.84710081711385,2.86,1515,0.1515
41687,3735,05,2.379549469840064,38.84710081711385,2.86,1228,0.1228
25171,3735,11,2.379549469840064,38.84710081711385,2.86,1388,0.1388
45816,3735,8A,2.379549469840064,38.84710081711385,2.86,1193,0.1193
33429,3735,08,2.379549469840064,38.84710081711385,2.86,1383,0.1383
37558,3735,12,2.379549469840064,38.84710081711385,2.86,1430,0.143
74719,3735,08,2.379549469840064,38.84710081711385,2.86,1234,0.1234
78848,3735,12,2.379549469840064,38.84710081711385,2.86,1173,0.1173
58203,3735,04,2.379549469840064,38.84710081711385,2.86,1204,0.1204
62332,3735,07,2.379549469840064,38.84710081711385,2.86,1186,0.1186
49945,3735,06,2.379549469840064,38.84710081711385,2.86,1218,0.1218
66461,3735,11,2.379549469840064,38.84710081711385,2.86,1194,0.1194
70590,3735,03,2.379549469840064,38.84710081711385,2.86,1289,0.1289
54074,3735,02,2.379549469840064,38.84710081711385,2.86,1523,0.1523
54075,3736,02,2.424465770340264,38.84710067019193,1.76,1523,0.1523
58204,3736,04,2.424465770340264,38.84710067019193,1.76,1204,0.1204
49946,3736,06,2.424465770340264,38.84710067019193,1.76,1218,0.1218
70591,3736,03,2.424465770340264,38.84710067019193,1.76,1289,0.1289
62333,3736,07,2.424465770340264,38.84710067019193,1.76,1186,0.1186
66462,3736,11,2.424465770340264,38.84710067019193,1.76,1194,0.1194
37559,3736,12,2.424465770340264,38.84710067019193,1.76,1430,0.143
29301,3736,03,2.424465770340264,38.84710067019193,1.76,1515,0.1515
25172,3736,11,2.424465770340264,38.84710067019193,1.76,1388,0.1388
45817,3736,8A,2.424465770340264,38.84710067019193,1.76,1193,0.1193
41688,3736,05,2.424465770340264,38.84710067019193,1.76,1228,0.1228
33430,3736,08,2.424465770340264,38.84710067019193,1.76,1383,0.1383
4527,3736,8A,2.424465770340264,38.84710067019193,1.76,1460,0.146
12785,3736,02,2.424465770340264,38.84710067019193,1.76,1677,0.1677
8656,3736,06,2.424465770340264,38.84710067019193,1.76,1374,0.1374
398,3736,05,2.424465770340264,38.84710067019193,1.76,1427,0.1427
16914,3736,04,2.424465770340264,38.84710067019193,1.76,1430,0.143
21043,3736,07,2.424465770340264,38.84710067019193,1.76,1410,0.141
78849,3736,12,2.424465770340264,38.84710067019193,1.76,1173,0.1173
74720,3736,08,2.424465770340264,38.84710067019193,1.76,1234,0.1234
78850,3737,12,2.4693820169415477,38.847100558251405,2.67,1173,0.1173
74721,3737,08,2.4693820169415477,38.847100558251405,2.67,1234,0.1234
29302,3737,03,2.4693820169415477,38.847100558251405,2.67,1515,0.1515
45818,3737,8A,2.4693820169415477,38.847100558251405,2.67,1193,0.1193
33431,3737,08,2.4693820169415477,38.847100558251405,2.67,1383,0.1383
37560,3737,12,2.4693820169415477,38.847100558251405,2.67,1430,0.143
25173,3737,11,2.4693820169415477,38.847100558251405,2.67,1388,0.1388
41689,3737,05,2.4693820169415477,38.847100558251405,2.67,1228,0.1228
49947,3737,06,2.4693820169415477,38.847100558251405,2.67,1218,0.1218
70592,3737,03,2.4693820169415477,38.847100558251405,2.67,1289,0.1289
66463,3737,11,2.4693820169415477,38.847100558251405,2.67,1194,0.1194
58205,3737,04,2.4693820169415477,38.847100558251405,2.67,1204,0.1204
54076,3737,02,2.4693820169415477,38.847100558251405,2.67,1523,0.1523
62334,3737,07,2.4693820169415477,38.847100558251405,2.67,1186,0.1186
4528,3737,8A,2.4693820169415477,38.847100558251405,2.67,1460,0.146
16915,3737,04,2.4693820169415477,38.847100558251405,2.67,1430,0.143
8657,3737,06,2.4693820169415477,38.847100558251405,2.67,1374,0.1374
21044,3737,07,2.4693820169415477,38.847100558251405,2.67,1410,0.141
12786,3737,02,2.4693820169415477,38.847100558251405,2.67,1677,0.1677
399,3737,05,2.4693820169415477,38.847100558251405,2.67,1427,0.1427
21045,3738,07,2.5142981943725546,38.84710048828858,3.08,1410,0.141
8658,3738,06,2.5142981943725546,38.84710048828858,3.08,1374,0.1374
4529,3738,8A,2.5142981943725546,38.84710048828858,3.08,1460,0.146
12787,3738,02,2.5142981943725546,38.84710048828858,3.08,1677,0.1677
16916,3738,04,2.5142981943725546,38.84710048828858,3.08,1430,0.143
400,3738,05,2.5142981943725546,38.84710048828858,3.08,1427,0.1427
33432,3738,08,2.5142981943725546,38.84710048828858,3.08,1383,0.1383
25174,3738,11,2.5142981943725546,38.84710048828858,3.08,1388,0.1388
45819,3738,8A,2.5142981943725546,38.84710048828858,3.08,1193,0.1193
29303,3738,03,2.5142981943725546,38.84710048828858,3.08,1515,0.1515
37561,3738,12,2.5142981943725546,38.84710048828858,3.08,1430,0.143
41690,3738,05,2.5142981943725546,38.84710048828858,3.08,1228,0.1228
74722,3738,08,2.5142981943725546,38.84710048828858,3.08,1234,0.1234
78851,3738,12,2.5142981943725546,38.84710048828858,3.08,1173,0.1173
58206,3738,04,2.5142981943725546,38.84710048828858,3.08,1204,0.1204
70593,3738,03,2.5142981943725546,38.84710048828858,3.08,1289,0.1289
62335,3738,07,2.5142981943725546,38.84710048828858,3.08,1186,0.1186
66464,3738,11,2.5142981943725546,38.84710048828858,3.08,1194,0.1194
54077,3738,02,2.5142981943725546,38.84710048828858,3.08,1523,0.1523
49948,3738,06,2.5142981943725546,38.84710048828858,3.08,1218,0.1218
62336,3739,07,2.604130259078732,38.84710034836293,2.98,1186,0.1186
49949,3739,06,2.604130259078732,38.84710034836293,2.98,1218,0.1218
70594,3739,03,2.604130259078732,38.84710034836293,2.98,1289,0.1289
58207,3739,04,2.604130259078732,38.84710034836293,2.98,1204,0.1204
54078,3739,02,2.604130259078732,38.84710034836293,2.98,1523,0.1523
66465,3739,11,2.604130259078732,38.84710034836293,2.98,1194,0.1194
29304,3739,03,2.604130259078732,38.84710034836293,2.98,1515,0.1515
25175,3739,11,2.604130259078732,38.84710034836293,2.98,1388,0.1388
33433,3739,08,2.604130259078732,38.84710034836293,2.98,1383,0.1383
41691,3739,05,2.604130259078732,38.84710034836293,2.98,1228,0.1228
45820,3739,8A,2.604130259078732,38.84710034836293,2.98,1193,0.1193
37562,3739,12,2.604130259078732,38.84710034836293,2.98,1430,0.143
4530,3739,8A,2.604130259078732,38.84710034836293,2.98,1460,0.146
12788,3739,02,2.604130259078732,38.84710034836293,2.98,1677,0.1677
16917,3739,04,2.604130259078732,38.84710034836293,2.98,1430,0.143
8659,3739,06,2.604130259078732,38.84710034836293,2.98,1374,0.1374
401,3739,05,2.604130259078732,38.84710034836293,2.98,1427,0.1427
21046,3739,07,2.604130259078732,38.84710034836293,2.98,1410,0.141
74723,3739,08,2.604130259078732,38.84710034836293,2.98,1234,0.1234
78852,3739,12,2.604130259078732,38.84710034836293,2.98,1173,0.1173
74724,3740,08,2.649046211930917,38.847100306385244,1.47,1234,0.1234
78853,3740,12,2.649046211930917,38.847100306385244,1.47,1173,0.1173
29305,3740,03,2.649046211930917,38.847100306385244,1.47,1515,0.1515
37563,3740,12,2.649046211930917,38.847100306385244,1.47,1430,0.143
45821,3740,8A,2.649046211930917,38.847100306385244,1.47,1193,0.1193
25176,3740,11,2.649046211930917,38.847100306385244,1.47,1388,0.1388
41692,3740,05,2.649046211930917,38.847100306385244,1.47,1228,0.1228
33434,3740,08,2.649046211930917,38.847100306385244,1.47,1383,0.1383
70595,3740,03,2.649046211930917,38.847100306385244,1.47,1289,0.1289
66466,3740,11,2.649046211930917,38.847100306385244,1.47,1194,0.1194
54079,3740,02,2.649046211930917,38.847100306385244,1.47,1523,0.1523
58208,3740,04,2.649046211930917,38.847100306385244,1.47,1204,0.1204
62337,3740,07,2.649046211930917,38.847100306385244,1.47,1186,0.1186
49950,3740,06,2.649046211930917,38.847100306385244,1.47,1218,0.1218
8660,3740,06,2.649046211930917,38.847100306385244,1.47,1374,0.1374
4531,3740,8A,2.649046211930917,38.847100306385244,1.47,1460,0.146
402,3740,05,2.649046211930917,38.847100306385244,1.47,1427,0.1427
16918,3740,04,2.649046211930917,38.847100306385244,1.47,1430,0.143
21047,3740,07,2.649046211930917,38.847100306385244,1.47,1410,0.141
12789,3740,02,2.649046211930917,38.847100306385244,1.47,1677,0.1677
403,3741,05,2.6945012240221673,38.847939883308904,0.68,1427,0.1427
4532,3741,8A,2.6945012240221673,38.847939883308904,0.68,1460,0.146
8661,3741,06,2.6945012240221673,38.847939883308904,0.68,1374,0.1374
21048,3741,07,2.6945012240221673,38.847939883308904,0.68,1410,0.141
16919,3741,04,2.6945012240221673,38.847939883308904,0.68,1430,0.143
12790,3741,02,2.6945012240221673,38.847939883308904,0.68,1677,0.1677
33435,3741,08,2.6945012240221673,38.847939883308904,0.68,1383,0.1383
45822,3741,8A,2.6945012240221673,38.847939883308904,0.68,1193,0.1193
41693,3741,05,2.6945012240221673,38.847939883308904,0.68,1228,0.1228
25177,3741,11,2.6945012240221673,38.847939883308904,0.68,1388,0.1388
37564,3741,12,2.6945012240221673,38.847939883308904,0.68,1430,0.143
29306,3741,03,2.6945012240221673,38.847939883308904,0.68,1515,0.1515
78854,3741,12,2.6945012240221673,38.847939883308904,0.68,1173,0.1173
74725,3741,08,2.6945012240221673,38.847939883308904,0.68,1234,0.1234
54080,3741,02,2.6945012240221673,38.847939883308904,0.68,1523,0.1523
49951,3741,06,2.6945012240221673,38.847939883308904,0.68,1218,0.1218
62338,3741,07,2.6945012240221673,38.847939883308904,0.68,1186,0.1186
58209,3741,04,2.6945012240221673,38.847939883308904,0.68,1204,0.1204
70596,3741,03,2.6945012240221673,38.847939883308904,0.68,1289,0.1289
66467,3741,11,2.6945012240221673,38.847939883308904,0.68,1194,0.1194
58210,3742,04,2.7388783817399824,38.84710039733691,0.61,1204,0.1204
66468,3742,11,2.7388783817399824,38.84710039733691,0.61,1194,0.1194
54081,3742,02,2.7388783817399824,38.84710039733691,0.61,1523,0.1523
70597,3742,03,2.7388783817399824,38.84710039733691,0.61,1289,0.1289
62339,3742,07,2.7388783817399824,38.84710039733691,0.61,1186,0.1186
49952,3742,06,2.7388783817399824,38.84710039733691,0.61,1218,0.1218
45823,3742,8A,2.7388783817399824,38.84710039733691,0.61,1193,0.1193
37565,3742,12,2.7388783817399824,38.84710039733691,0.61,1430,0.143
25178,3742,11,2.7388783817399824,38.84710039733691,0.61,1388,0.1388
41694,3742,05,2.7388783817399824,38.84710039733691,0.61,1228,0.1228
29307,3742,03,2.7388783817399824,38.84710039733691,0.61,1515,0.1515
33436,3742,08,2.7388783817399824,38.84710039733691,0.61,1383,0.1383
12791,3742,02,2.7388783817399824,38.84710039733691,0.61,1677,0.1677
4533,3742,8A,2.7388783817399824,38.84710039733691,0.61,1460,0.146
8662,3742,06,2.7388783817399824,38.84710039733691,0.61,1374,0.1374
404,3742,05,2.7388783817399824,38.84710039733691,0.61,1427,0.1427
21049,3742,07,2.7388783817399824,38.84710039733691,0.61,1410,0.141
16920,3742,04,2.7388783817399824,38.84710039733691,0.61,1430,0.143
78855,3742,12,2.7388783817399824,38.84710039733691,0.61,1173,0.1173
74726,3742,08,2.7388783817399824,38.84710039733691,0.61,1234,0.1234
74727,3743,08,2.7837948484285104,38.847100586236536,1.96,1234,0.1234
78856,3743,12,2.7837948484285104,38.847100586236536,1.96,1173,0.1173
41695,3743,05,2.7837948484285104,38.847100586236536,1.96,1228,0.1228
37566,3743,12,2.7837948484285104,38.847100586236536,1.96,1430,0.143
45824,3743,8A,2.7837948484285104,38.847100586236536,1.96,1193,0.1193
33437,3743,08,2.7837948484285104,38.847100586236536,1.96,1383,0.1383
25179,3743,11,2.7837948484285104,38.847100586236536,1.96,1388,0.1388
29308,3743,03,2.7837948484285104,38.847100586236536,1.96,1515,0.1515
58211,3743,04,2.7837948484285104,38.847100586236536,1.96,1204,0.1204
54082,3743,02,2.7837948484285104,38.847100586236536,1.96,1523,0.1523
70598,3743,03,2.7837948484285104,38.847100586236536,1.96,1289,0.1289
66469,3743,11,2.7837948484285104,38.847100586236536,1.96,1194,0.1194
49953,3743,06,2.7837948484285104,38.847100586236536,1.96,1218,0.1218
62340,3743,07,2.7837948484285104,38.847100586236536,1.96,1186,0.1186
21050,3743,07,2.7837948484285104,38.847100586236536,1.96,1410,0.141
405,3743,05,2.7837948484285104,38.847100586236536,1.96,1427,0.1427
16921,3743,04,2.7837948484285104,38.847100586236536,1.96,1430,0.143
12792,3743,02,2.7837948484285104,38.847100586236536,1.96,1677,0.1677
8663,3743,06,2.7837948484285104,38.847100586236536,1.96,1374,0.1374
4534,3743,8A,2.7837948484285104,38.847100586236536,1.96,1460,0.146
8664,3744,06,2.828711516339663,38.847100831106424,0.69,1374,0.1374
16922,3744,04,2.828711516339663,38.847100831106424,0.69,1430,0.143
4535,3744,8A,2.828711516339663,38.847100831106424,0.69,1460,0.146
21051,3744,07,2.828711516339663,38.847100831106424,0.69,1410,0.141
406,3744,05,2.828711516339663,38.847100831106424,0.69,1427,0.1427
12793,3744,02,2.828711516339663,38.847100831106424,0.69,1677,0.1677
29309,3744,03,2.828711516339663,38.847100831106424,0.69,1515,0.1515
41696,3744,05,2.828711516339663,38.847100831106424,0.69,1228,0.1228
37567,3744,12,2.828711516339663,38.847100831106424,0.69,1430,0.143
33438,3744,08,2.828711516339663,38.847100831106424,0.69,1383,0.1383
25180,3744,11,2.828711516339663,38.847100831106424,0.69,1388,0.1388
45825,3744,8A,2.828711516339663,38.847100831106424,0.69,1193,0.1193
74728,3744,08,2.828711516339663,38.847100831106424,0.69,1234,0.1234
78857,3744,12,2.828711516339663,38.847100831106424,0.69,1173,0.1173
70599,3744,03,2.828711516339663,38.847100831106424,0.69,1289,0.1289
66470,3744,11,2.828711516339663,38.847100831106424,0.69,1194,0.1194
54083,3744,02,2.828711516339663,38.847100831106424,0.69,1523,0.1523
58212,3744,04,2.828711516339663,38.847100831106424,0.69,1204,0.1204
49954,3744,06,2.828711516339663,38.847100831106424,0.69,1218,0.1218
62341,3744,07,2.828711516339663,38.847100831106424,0.69,1186,0.1186
70600,3745,03,2.873628174369346,38.84710104099489,1.52,1289,0.1289
58213,3745,04,2.873628174369346,38.84710104099489,1.52,1204,0.1204
49955,3745,06,2.873628174369346,38.84710104099489,1.52,1218,0.1218
54084,3745,02,2.873628174369346,38.84710104099489,1.52,1523,0.1523
62342,3745,07,2.873628174369346,38.84710104099489,1.52,1186,0.1186
66471,3745,11,2.873628174369346,38.84710104099489,1.52,1194,0.1194
25181,3745,11,2.873628174369346,38.84710104099489,1.52,1388,0.1388
29310,3745,03,2.873628174369346,38.84710104099489,1.52,1515,0.1515
33439,3745,08,2.873628174369346,38.84710104099489,1.52,1383,0.1383
45826,3745,8A,2.873628174369346,38.84710104099489,1.52,1193,0.1193
41697,3745,05,2.873628174369346,38.84710104099489,1.52,1228,0.1228
37568,3745,12,2.873628174369346,38.84710104099489,1.52,1430,0.143
21052,3745,07,2.873628174369346,38.84710104099489,1.52,1410,0.141
4536,3745,8A,2.873628174369346,38.84710104099489,1.52,1460,0.146
12794,3745,02,2.873628174369346,38.84710104099489,1.52,1677,0.1677
8665,3745,06,2.873628174369346,38.84710104099489,1.52,1374,0.1374
407,3745,05,2.873628174369346,38.84710104099489,1.52,1427,0.1427
16923,3745,04,2.873628174369346,38.84710104099489,1.52,1430,0.143
78858,3745,12,2.873628174369346,38.84710104099489,1.52,1173,0.1173
74729,3745,08,2.873628174369346,38.84710104099489,1.52,1234,0.1234
78859,3746,12,2.9185446527359735,38.84710107597631,1.02,1173,0.1173
74730,3746,08,2.9185446527359735,38.84710107597631,1.02,1234,0.1234
41698,3746,05,2.9185446527359735,38.84710107597631,1.02,1228,0.1228
25182,3746,11,2.9185446527359735,38.84710107597631,1.02,1388,0.1388
33440,3746,08,2.9185446527359735,38.84710107597631,1.02,1383,0.1383
37569,3746,12,2.9185446527359735,38.84710107597631,1.02,1430,0.143
45827,3746,8A,2.9185446527359735,38.84710107597631,1.02,1193,0.1193
29311,3746,03,2.9185446527359735,38.84710107597631,1.02,1515,0.1515
62343,3746,07,2.9185446527359735,38.84710107597631,1.02,1186,0.1186
66472,3746,11,2.9185446527359735,38.84710107597631,1.02,1194,0.1194
54085,3746,02,2.9185446527359735,38.84710107597631,1.02,1523,0.1523
70601,3746,03,2.9185446527359735,38.84710107597631,1.02,1289,0.1289
58214,3746,04,2.9185446527359735,38.84710107597631,1.02,1204,0.1204
49956,3746,06,2.9185446527359735,38.84710107597631,1.02,1218,0.1218
12795,3746,02,2.9185446527359735,38.84710107597631,1.02,1677,0.1677
21053,3746,07,2.9185446527359735,38.84710107597631,1.02,1410,0.141
8666,3746,06,2.9185446527359735,38.84710107597631,1.02,1374,0.1374
16924,3746,04,2.9185446527359735,38.84710107597631,1.02,1430,0.143
408,3746,05,2.9185446527359735,38.84710107597631,1.02,1427,0.1427
4537,3746,8A,2.9185446527359735,38.84710107597631,1.02,1460,0.146
21054,3747,07,2.9634608643029607,38.8471008381027,3.79,1410,0.141
16925,3747,04,2.9634608643029607,38.8471008381027,3.79,1430,0.143
8667,3747,06,2.9634608643029607,38.8471008381027,3.79,1374,0.1374
409,3747,05,2.9634608643029607,38.8471008381027,3.79,1427,0.1427
12796,3747,02,2.9634608643029607,38.8471008381027,3.79,1677,0.1677
4538,3747,8A,2.9634608643029607,38.8471008381027,3.79,1460,0.146
33441,3747,08,2.9634608643029607,38.8471008381027,3.79,1383,0.1383
37570,3747,12,2.9634608643029607,38.8471008381027,3.79,1430,0.143
41699,3747,05,2.9634608643029607,38.8471008381027,3.79,1228,0.1228
29312,3747,03,2.9634608643029607,38.8471008381027,3.79,1515,0.1515
45828,3747,8A,2.9634608643029607,38.8471008381027,3.79,1193,0.1193
25183,3747,11,2.9634608643029607,38.8471008381027,3.79,1388,0.1388
78860,3747,12,2.9634608643029607,38.8471008381027,3.79,1173,0.1173
74731,3747,08,2.9634608643029607,38.8471008381027,3.79,1234,0.1234
62344,3747,07,2.9634608643029607,38.8471008381027,3.79,1186,0.1186
58215,3747,04,2.9634608643029607,38.8471008381027,3.79,1204,0.1204
54086,3747,02,2.9634608643029607,38.8471008381027,3.79,1523,0.1523
70602,3747,03,2.9634608643029607,38.8471008381027,3.79,1289,0.1289
66473,3747,11,2.9634608643029607,38.8471008381027,3.79,1194,0.1194
49957,3747,06,2.9634608643029607,38.8471008381027,3.79,1218,0.1218
58216,3748,04,3.0083771019210914,38.847100565247686,1.69,1204,0.1204
54087,3748,02,3.0083771019210914,38.847100565247686,1.69,1523,0.1523
49958,3748,06,3.0083771019210914,38.847100565247686,1.69,1218,0.1218
62345,3748,07,3.0083771019210914,38.847100565247686,1.69,1186,0.1186
66474,3748,11,3.0083771019210914,38.847100565247686,1.69,1194,0.1194
70603,3748,03,3.0083771019210914,38.847100565247686,1.69,1289,0.1289
33442,3748,08,3.0083771019210914,38.847100565247686,1.69,1383,0.1383
41700,3748,05,3.0083771019210914,38.847100565247686,1.69,1228,0.1228
25184,3748,11,3.0083771019210914,38.847100565247686,1.69,1388,0.1388
45829,3748,8A,3.0083771019210914,38.847100565247686,1.69,1193,0.1193
37571,3748,12,3.0083771019210914,38.847100565247686,1.69,1430,0.143
29313,3748,03,3.0083771019210914,38.847100565247686,1.69,1515,0.1515
4539,3748,8A,3.0083771019210914,38.847100565247686,1.69,1460,0.146
16926,3748,04,3.0083771019210914,38.847100565247686,1.69,1430,0.143
410,3748,05,3.0083771019210914,38.847100565247686,1.69,1427,0.1427
8668,3748,06,3.0083771019210914,38.847100565247686,1.69,1374,0.1374
12797,3748,02,3.0083771019210914,38.847100565247686,1.69,1677,0.1677
21055,3748,07,3.0083771019210914,38.847100565247686,1.69,1410,0.141
74732,3748,08,3.0083771019210914,38.847100565247686,1.69,1234,0.1234
78861,3748,12,3.0083771019210914,38.847100565247686,1.69,1173,0.1173
74733,3749,08,3.0534015083775294,38.84715653548498,1.34,1234,0.1234
78862,3749,12,3.0534015083775294,38.84715653548498,1.34,1173,0.1173
41701,3749,05,3.0534015083775294,38.84715653548498,1.34,1228,0.1228
33443,3749,08,3.0534015083775294,38.84715653548498,1.34,1383,0.1383
25185,3749,11,3.0534015083775294,38.84715653548498,1.34,1388,0.1388
37572,3749,12,3.0534015083775294,38.84715653548498,1.34,1430,0.143
45830,3749,8A,3.0534015083775294,38.84715653548498,1.34,1193,0.1193
29314,3749,03,3.0534015083775294,38.84715653548498,1.34,1515,0.1515
49959,3749,06,3.0534015083775294,38.84715653548498,1.34,1218,0.1218
58217,3749,04,3.0534015083775294,38.84715653548498,1.34,1204,0.1204
66475,3749,11,3.0534015083775294,38.84715653548498,1.34,1194,0.1194
70604,3749,03,3.0534015083775294,38.84715653548498,1.34,1289,0.1289
54088,3749,02,3.0534015083775294,38.84715653548498,1.34,1523,0.1523
62346,3749,07,3.0534015083775294,38.84715653548498,1.34,1186,0.1186
21056,3749,07,3.0534015083775294,38.84715653548498,1.34,1410,0.141
12798,3749,02,3.0534015083775294,38.84715653548498,1.34,1677,0.1677
16927,3749,04,3.0534015083775294,38.84715653548498,1.34,1430,0.143
411,3749,05,3.0534015083775294,38.84715653548498,1.34,1427,0.1427
4540,3749,8A,3.0534015083775294,38.84715653548498,1.34,1460,0.146
8669,3749,06,3.0534015083775294,38.84715653548498,1.34,1374,0.1374
4294,3750,8A,2.2898781972815376,38.81189353379675,3.28,1460,0.146
8423,3750,06,2.2898781972815376,38.81189353379675,3.28,1374,0.1374
20810,3750,07,2.2898781972815376,38.81189353379675,3.28,1410,0.141
16681,3750,04,2.2898781972815376,38.81189353379675,3.28,1430,0.143
165,3750,05,2.2898781972815376,38.81189353379675,3.28,1427,0.1427
24939,3750,11,2.2898781972815376,38.81189353379675,3.28,1388,0.1388
12552,3750,02,2.2898781972815376,38.81189353379675,3.28,1677,0.1677
41455,3750,05,2.2898781972815376,38.81189353379675,3.28,1228,0.1228
33197,3750,08,2.2898781972815376,38.81189353379675,3.28,1383,0.1383
29068,3750,03,2.2898781972815376,38.81189353379675,3.28,1515,0.1515
37326,3750,12,2.2898781972815376,38.81189353379675,3.28,1430,0.143
45584,3750,8A,2.2898781972815376,38.81189353379675,3.28,1193,0.1193
74487,3750,08,2.2898781972815376,38.81189353379675,3.28,1234,0.1234
78616,3750,12,2.2898781972815376,38.81189353379675,3.28,1173,0.1173
53842,3750,02,2.2898781972815376,38.81189353379675,3.28,1523,0.1523
66229,3750,11,2.2898781972815376,38.81189353379675,3.28,1194,0.1194
49713,3750,06,2.2898781972815376,38.81189353379675,3.28,1218,0.1218
57971,3750,04,2.2898781972815376,38.81189353379675,3.28,1204,0.1204
70358,3750,03,2.2898781972815376,38.81189353379675,3.28,1289,0.1289
62100,3750,07,2.2898781972815376,38.81189353379675,3.28,1186,0.1186
54089,3751,02,2.3346328198952175,38.812110413517736,2.7,1523,0.1523
62347,3751,07,2.3346328198952175,38.812110413517736,2.7,1186,0.1186
70605,3751,03,2.3346328198952175,38.812110413517736,2.7,1289,0.1289
49960,3751,06,2.3346328198952175,38.812110413517736,2.7,1218,0.1218
66476,3751,11,2.3346328198952175,38.812110413517736,2.7,1194,0.1194
58218,3751,04,2.3346328198952175,38.812110413517736,2.7,1204,0.1204
45831,3751,8A,2.3346328198952175,38.812110413517736,2.7,1193,0.1193
33444,3751,08,2.3346328198952175,38.812110413517736,2.7,1383,0.1383
41702,3751,05,2.3346328198952175,38.812110413517736,2.7,1228,0.1228
29315,3751,03,2.3346328198952175,38.812110413517736,2.7,1515,0.1515
37573,3751,12,2.3346328198952175,38.812110413517736,2.7,1430,0.143
25186,3751,11,2.3346328198952175,38.812110413517736,2.7,1388,0.1388
412,3751,05,2.3346328198952175,38.812110413517736,2.7,1427,0.1427
8670,3751,06,2.3346328198952175,38.812110413517736,2.7,1374,0.1374
12799,3751,02,2.3346328198952175,38.812110413517736,2.7,1677,0.1677
21057,3751,07,2.3346328198952175,38.812110413517736,2.7,1410,0.141
16928,3751,04,2.3346328198952175,38.812110413517736,2.7,1430,0.143
4541,3751,8A,2.3346328198952175,38.812110413517736,2.7,1460,0.146
78863,3751,12,2.3346328198952175,38.812110413517736,2.7,1173,0.1173
74734,3751,08,2.3346328198952175,38.812110413517736,2.7,1234,0.1234
74735,3752,08,2.379549116802157,38.812110273523295,2.79,1234,0.1234
78864,3752,12,2.379549116802157,38.812110273523295,2.79,1173,0.1173
41703,3752,05,2.379549116802157,38.812110273523295,2.79,1228,0.1228
37574,3752,12,2.379549116802157,38.812110273523295,2.79,1430,0.143
33445,3752,08,2.379549116802157,38.812110273523295,2.79,1383,0.1383
25187,3752,11,2.379549116802157,38.812110273523295,2.79,1388,0.1388
45832,3752,8A,2.379549116802157,38.812110273523295,2.79,1193,0.1193
29316,3752,03,2.379549116802157,38.812110273523295,2.79,1515,0.1515
66477,3752,11,2.379549116802157,38.812110273523295,2.79,1194,0.1194
58219,3752,04,2.379549116802157,38.812110273523295,2.79,1204,0.1204
62348,3752,07,2.379549116802157,38.812110273523295,2.79,1186,0.1186
70606,3752,03,2.379549116802157,38.812110273523295,2.79,1289,0.1289
49961,3752,06,2.379549116802157,38.812110273523295,2.79,1218,0.1218
54090,3752,02,2.379549116802157,38.812110273523295,2.79,1523,0.1523
413,3752,05,2.379549116802157,38.812110273523295,2.79,1427,0.1427
8671,3752,06,2.379549116802157,38.812110273523295,2.79,1374,0.1374
4542,3752,8A,2.379549116802157,38.812110273523295,2.79,1460,0.146
16929,3752,04,2.379549116802157,38.812110273523295,2.79,1430,0.143
12800,3752,02,2.379549116802157,38.812110273523295,2.79,1677,0.1677
21058,3752,07,2.379549116802157,38.812110273523295,2.79,1410,0.141
4543,3753,8A,2.424420444045974,38.81220813657151,2.34,1460,0.146
12801,3753,02,2.424420444045974,38.81220813657151,2.34,1677,0.1677
414,3753,05,2.424420444045974,38.81220813657151,2.34,1427,0.1427
21059,3753,07,2.424420444045974,38.81220813657151,2.34,1410,0.141
8672,3753,06,2.424420444045974,38.81220813657151,2.34,1374,0.1374
16930,3753,04,2.424420444045974,38.81220813657151,2.34,1430,0.143
33446,3753,08,2.424420444045974,38.81220813657151,2.34,1383,0.1383
25188,3753,11,2.424420444045974,38.81220813657151,2.34,1388,0.1388
37575,3753,12,2.424420444045974,38.81220813657151,2.34,1430,0.143
29317,3753,03,2.424420444045974,38.81220813657151,2.34,1515,0.1515
41704,3753,05,2.424420444045974,38.81220813657151,2.34,1228,0.1228
45833,3753,8A,2.424420444045974,38.81220813657151,2.34,1193,0.1193
74736,3753,08,2.424420444045974,38.81220813657151,2.34,1234,0.1234
78865,3753,12,2.424420444045974,38.81220813657151,2.34,1173,0.1173
70607,3753,03,2.424420444045974,38.81220813657151,2.34,1289,0.1289
54091,3753,02,2.424420444045974,38.81220813657151,2.34,1523,0.1523
58220,3753,04,2.424420444045974,38.81220813657151,2.34,1204,0.1204
49962,3753,06,2.424420444045974,38.81220813657151,2.34,1218,0.1218
62349,3753,07,2.424420444045974,38.81220813657151,2.34,1186,0.1186
66478,3753,11,2.424420444045974,38.81220813657151,2.34,1194,0.1194
62350,3754,07,2.4693815309529796,38.81211004253247,1.5,1186,0.1186
70608,3754,03,2.4693815309529796,38.81211004253247,1.5,1289,0.1289
66479,3754,11,2.4693815309529796,38.81211004253247,1.5,1194,0.1194
54092,3754,02,2.4693815309529796,38.81211004253247,1.5,1523,0.1523
58221,3754,04,2.4693815309529796,38.81211004253247,1.5,1204,0.1204
49963,3754,06,2.4693815309529796,38.81211004253247,1.5,1218,0.1218
45834,3754,8A,2.4693815309529796,38.81211004253247,1.5,1193,0.1193
41705,3754,05,2.4693815309529796,38.81211004253247,1.5,1228,0.1228
37576,3754,12,2.4693815309529796,38.81211004253247,1.5,1430,0.143
25189,3754,11,2.4693815309529796,38.81211004253247,1.5,1388,0.1388
29318,3754,03,2.4693815309529796,38.81211004253247,1.5,1515,0.1515
33447,3754,08,2.4693815309529796,38.81211004253247,1.5,1383,0.1383
21060,3754,07,2.4693815309529796,38.81211004253247,1.5,1410,0.141
12802,3754,02,2.4693815309529796,38.81211004253247,1.5,1677,0.1677
415,3754,05,2.4693815309529796,38.81211004253247,1.5,1427,0.1427
16931,3754,04,2.4693815309529796,38.81211004253247,1.5,1430,0.143
4544,3754,8A,2.4693815309529796,38.81211004253247,1.5,1460,0.146
8673,3754,06,2.4693815309529796,38.81211004253247,1.5,1374,0.1374
78866,3754,12,2.4693815309529796,38.81211004253247,1.5,1173,0.1173
74737,3754,08,2.4693815309529796,38.81211004253247,1.5,1234,0.1234
74738,3755,08,2.514297638315394,38.812109993534406,9.67,1234,0.1234
78867,3755,12,2.514297638315394,38.812109993534406,9.67,1173,0.1173
45835,3755,8A,2.514297638315394,38.812109993534406,9.67,1193,0.1193
37577,3755,12,2.514297638315394,38.812109993534406,9.67,1430,0.143
29319,3755,03,2.514297638315394,38.812109993534406,9.67,1515,0.1515
25190,3755,11,2.514297638315394,38.812109993534406,9.67,1388,0.1388
41706,3755,05,2.514297638315394,38.812109993534406,9.67,1228,0.1228
33448,3755,08,2.514297638315394,38.812109993534406,9.67,1383,0.1383
66480,3755,11,2.514297638315394,38.812109993534406,9.67,1194,0.1194
58222,3755,04,2.514297638315394,38.812109993534406,9.67,1204,0.1204
54093,3755,02,2.514297638315394,38.812109993534406,9.67,1523,0.1523
62351,3755,07,2.514297638315394,38.812109993534406,9.67,1186,0.1186
70609,3755,03,2.514297638315394,38.812109993534406,9.67,1289,0.1289
49964,3755,06,2.514297638315394,38.812109993534406,9.67,1218,0.1218
21061,3755,07,2.514297638315394,38.812109993534406,9.67,1410,0.141
4545,3755,8A,2.514297638315394,38.812109993534406,9.67,1460,0.146
8674,3755,06,2.514297638315394,38.812109993534406,9.67,1374,0.1374
416,3755,05,2.514297638315394,38.812109993534406,9.67,1427,0.1427
16932,3755,04,2.514297638315394,38.812109993534406,9.67,1430,0.143
12803,3755,02,2.514297638315394,38.812109993534406,9.67,1677,0.1677
12804,3756,02,2.5592136917788912,38.81210995853579,1.71,1677,0.1677
4546,3756,8A,2.5592136917788912,38.81210995853579,1.71,1460,0.146
8675,3756,06,2.5592136917788912,38.81210995853579,1.71,1374,0.1374
417,3756,05,2.5592136917788912,38.81210995853579,1.71,1427,0.1427
16933,3756,04,2.5592136917788912,38.81210995853579,1.71,1430,0.143
21062,3756,07,2.5592136917788912,38.81210995853579,1.71,1410,0.141
41707,3756,05,2.5592136917788912,38.81210995853579,1.71,1228,0.1228
37578,3756,12,2.5592136917788912,38.81210995853579,1.71,1430,0.143
45836,3756,8A,2.5592136917788912,38.81210995853579,1.71,1193,0.1193
33449,3756,08,2.5592136917788912,38.81210995853579,1.71,1383,0.1383
25191,3756,11,2.5592136917788912,38.81210995853579,1.71,1388,0.1388
29320,3756,03,2.5592136917788912,38.81210995853579,1.71,1515,0.1515
74739,3756,08,2.5592136917788912,38.81210995853579,1.71,1234,0.1234
78868,3756,12,2.5592136917788912,38.81210995853579,1.71,1173,0.1173
49965,3756,06,2.5592136917788912,38.81210995853579,1.71,1218,0.1218
62352,3756,07,2.5592136917788912,38.81210995853579,1.71,1186,0.1186
54094,3756,02,2.5592136917788912,38.81210995853579,1.71,1523,0.1523
66481,3756,11,2.5592136917788912,38.81210995853579,1.71,1194,0.1194
58223,3756,04,2.5592136917788912,38.81210995853579,1.71,1204,0.1204
70610,3756,03,2.5592136917788912,38.81210995853579,1.71,1289,0.1289
66482,3757,11,2.6041297039198863,38.81210986053968,1.46,1194,0.1194
58224,3757,04,2.6041297039198863,38.81210986053968,1.46,1204,0.1204
49966,3757,06,2.6041297039198863,38.81210986053968,1.46,1218,0.1218
54095,3757,02,2.6041297039198863,38.81210986053968,1.46,1523,0.1523
62353,3757,07,2.6041297039198863,38.81210986053968,1.46,1186,0.1186
70611,3757,03,2.6041297039198863,38.81210986053968,1.46,1289,0.1289
25192,3757,11,2.6041297039198863,38.81210986053968,1.46,1388,0.1388
41708,3757,05,2.6041297039198863,38.81210986053968,1.46,1228,0.1228
33450,3757,08,2.6041297039198863,38.81210986053968,1.46,1383,0.1383
45837,3757,8A,2.6041297039198863,38.81210986053968,1.46,1193,0.1193
29321,3757,03,2.6041297039198863,38.81210986053968,1.46,1515,0.1515
37579,3757,12,2.6041297039198863,38.81210986053968,1.46,1430,0.143
418,3757,05,2.6041297039198863,38.81210986053968,1.46,1427,0.1427
16934,3757,04,2.6041297039198863,38.81210986053968,1.46,1430,0.143
12805,3757,02,2.6041297039198863,38.81210986053968,1.46,1677,0.1677
4547,3757,8A,2.6041297039198863,38.81210986053968,1.46,1460,0.146
21063,3757,07,2.6041297039198863,38.81210986053968,1.46,1410,0.141
8676,3757,06,2.6041297039198863,38.81210986053968,1.46,1374,0.1374
74740,3757,08,2.6041297039198863,38.81210986053968,1.46,1234,0.1234
78869,3757,12,2.6041297039198863,38.81210986053968,1.46,1173,0.1173
78870,3758,12,2.649045699891206,38.812109811541625,3,1173,0.1173
74741,3758,08,2.649045699891206,38.812109811541625,3,1234,0.1234
41709,3758,05,2.649045699891206,38.812109811541625,3,1228,0.1228
29322,3758,03,2.649045699891206,38.812109811541625,3,1515,0.1515
37580,3758,12,2.649045699891206,38.812109811541625,3,1430,0.143
25193,3758,11,2.649045699891206,38.812109811541625,3,1388,0.1388
45838,3758,8A,2.649045699891206,38.812109811541625,3,1193,0.1193
33451,3758,08,2.649045699891206,38.812109811541625,3,1383,0.1383
62354,3758,07,2.649045699891206,38.812109811541625,3,1186,0.1186
54096,3758,02,2.649045699891206,38.812109811541625,3,1523,0.1523
66483,3758,11,2.649045699891206,38.812109811541625,3,1194,0.1194
70612,3758,03,2.649045699891206,38.812109811541625,3,1289,0.1289
58225,3758,04,2.649045699891206,38.812109811541625,3,1204,0.1204
49967,3758,06,2.649045699891206,38.812109811541625,3,1218,0.1218
4548,3758,8A,2.649045699891206,38.812109811541625,3,1460,0.146
21064,3758,07,2.649045699891206,38.812109811541625,3,1410,0.141
8677,3758,06,2.649045699891206,38.812109811541625,3,1374,0.1374
419,3758,05,2.649045699891206,38.812109811541625,3,1427,0.1427
16935,3758,04,2.649045699891206,38.812109811541625,3,1430,0.143
12806,3758,02,2.649045699891206,38.812109811541625,3,1677,0.1677
421,3787,05,3.008383809641318,39.4046056219263,12.7,1427,0.1427
8679,3787,06,3.008383809641318,39.4046056219263,12.7,1374,0.1374
12808,3787,02,3.008383809641318,39.4046056219263,12.7,1677,0.1677
16937,3787,04,3.008383809641318,39.4046056219263,12.7,1430,0.143
21066,3787,07,3.008383809641318,39.4046056219263,12.7,1410,0.141
4550,3787,8A,3.008383809641318,39.4046056219263,12.7,1460,0.146
37582,3787,12,3.008383809641318,39.4046056219263,12.7,1430,0.143
29324,3787,03,3.008383809641318,39.4046056219263,12.7,1515,0.1515
25195,3787,11,3.008383809641318,39.4046056219263,12.7,1388,0.1388
41711,3787,05,3.008383809641318,39.4046056219263,12.7,1228,0.1228
45840,3787,8A,3.008383809641318,39.4046056219263,12.7,1193,0.1193
33453,3787,08,3.008383809641318,39.4046056219263,12.7,1383,0.1383
74743,3787,08,3.008383809641318,39.4046056219263,12.7,1234,0.1234
78872,3787,12,3.008383809641318,39.4046056219263,12.7,1173,0.1173
66485,3787,11,3.008383809641318,39.4046056219263,12.7,1194,0.1194
70614,3787,03,3.008383809641318,39.4046056219263,12.7,1289,0.1289
54098,3787,02,3.008383809641318,39.4046056219263,12.7,1523,0.1523
62356,3787,07,3.008383809641318,39.4046056219263,12.7,1186,0.1186
49969,3787,06,3.008383809641318,39.4046056219263,12.7,1218,0.1218
58227,3787,04,3.008383809641318,39.4046056219263,12.7,1204,0.1204
49970,3788,06,3.053300622181231,39.40460543451592,15.03,1218,0.1218
54099,3788,02,3.053300622181231,39.40460543451592,15.03,1523,0.1523
66486,3788,11,3.053300622181231,39.40460543451592,15.03,1194,0.1194
58228,3788,04,3.053300622181231,39.40460543451592,15.03,1204,0.1204
62357,3788,07,3.053300622181231,39.40460543451592,15.03,1186,0.1186
70615,3788,03,3.053300622181231,39.40460543451592,15.03,1289,0.1289
45841,3788,8A,3.053300622181231,39.40460543451592,15.03,1193,0.1193
41712,3788,05,3.053300622181231,39.40460543451592,15.03,1228,0.1228
37583,3788,12,3.053300622181231,39.40460543451592,15.03,1430,0.143
29325,3788,03,3.053300622181231,39.40460543451592,15.03,1515,0.1515
33454,3788,08,3.053300622181231,39.40460543451592,15.03,1383,0.1383
25196,3788,11,3.053300622181231,39.40460543451592,15.03,1388,0.1388
4551,3788,8A,3.053300622181231,39.40460543451592,15.03,1460,0.146
12809,3788,02,3.053300622181231,39.40460543451592,15.03,1677,0.1677
422,3788,05,3.053300622181231,39.40460543451592,15.03,1427,0.1427
8680,3788,06,3.053300622181231,39.40460543451592,15.03,1374,0.1374
21067,3788,07,3.053300622181231,39.40460543451592,15.03,1410,0.141
16938,3788,04,3.053300622181231,39.40460543451592,15.03,1430,0.143
74744,3788,08,3.053300622181231,39.40460543451592,15.03,1234,0.1234
78873,3788,12,3.053300622181231,39.40460543451592,15.03,1173,0.1173
78874,3789,12,3.0982175164678343,39.4046052401644,9.62,1173,0.1173
74745,3789,08,3.0982175164678343,39.4046052401644,9.62,1234,0.1234
33455,3789,08,3.0982175164678343,39.4046052401644,9.62,1383,0.1383
41713,3789,05,3.0982175164678343,39.4046052401644,9.62,1228,0.1228
25197,3789,11,3.0982175164678343,39.4046052401644,9.62,1388,0.1388
37584,3789,12,3.0982175164678343,39.4046052401644,9.62,1430,0.143
45842,3789,8A,3.0982175164678343,39.4046052401644,9.62,1193,0.1193
29326,3789,03,3.0982175164678343,39.4046052401644,9.62,1515,0.1515
62358,3789,07,3.0982175164678343,39.4046052401644,9.62,1186,0.1186
49971,3789,06,3.0982175164678343,39.4046052401644,9.62,1218,0.1218
66487,3789,11,3.0982175164678343,39.4046052401644,9.62,1194,0.1194
70616,3789,03,3.0982175164678343,39.4046052401644,9.62,1289,0.1289
54100,3789,02,3.0982175164678343,39.4046052401644,9.62,1523,0.1523
58229,3789,04,3.0982175164678343,39.4046052401644,9.62,1204,0.1204
4552,3789,8A,3.0982175164678343,39.4046052401644,9.62,1460,0.146
8681,3789,06,3.0982175164678343,39.4046052401644,9.62,1374,0.1374
21068,3789,07,3.0982175164678343,39.4046052401644,9.62,1410,0.141
16939,3789,04,3.0982175164678343,39.4046052401644,9.62,1430,0.143
12810,3789,02,3.0982175164678343,39.4046052401644,9.62,1677,0.1677
423,3789,05,3.0982175164678343,39.4046052401644,9.62,1427,0.1427
4553,3790,8A,3.1431344736365077,39.40460504581289,12.68,1460,0.146
16940,3790,04,3.1431344736365077,39.40460504581289,12.68,1430,0.143
12811,3790,02,3.1431344736365077,39.40460504581289,12.68,1677,0.1677
8682,3790,06,3.1431344736365077,39.40460504581289,12.68,1374,0.1374
424,3790,05,3.1431344736365077,39.40460504581289,12.68,1427,0.1427
21069,3790,07,3.1431344736365077,39.40460504581289,12.68,1410,0.141
29327,3790,03,3.1431344736365077,39.40460504581289,12.68,1515,0.1515
37585,3790,12,3.1431344736365077,39.40460504581289,12.68,1430,0.143
25198,3790,11,3.1431344736365077,39.40460504581289,12.68,1388,0.1388
33456,3790,08,3.1431344736365077,39.40460504581289,12.68,1383,0.1383
41714,3790,05,3.1431344736365077,39.40460504581289,12.68,1228,0.1228
45843,3790,8A,3.1431344736365077,39.40460504581289,12.68,1193,0.1193
74746,3790,08,3.1431344736365077,39.40460504581289,12.68,1234,0.1234
78875,3790,12,3.1431344736365077,39.40460504581289,12.68,1173,0.1173
66488,3790,11,3.1431344736365077,39.40460504581289,12.68,1194,0.1194
49972,3790,06,3.1431344736365077,39.40460504581289,12.68,1218,0.1218
62359,3790,07,3.1431344736365077,39.40460504581289,12.68,1186,0.1186
58230,3790,04,3.1431344736365077,39.40460504581289,12.68,1204,0.1204
70617,3790,03,3.1431344736365077,39.40460504581289,12.68,1289,0.1289
54101,3790,02,3.1431344736365077,39.40460504581289,12.68,1523,0.1523
66489,3791,11,2.918550380394225,39.36989131844987,4.03,1194,0.1194
54102,3791,02,2.918550380394225,39.36989131844987,4.03,1523,0.1523
70618,3791,03,2.918550380394225,39.36989131844987,4.03,1289,0.1289
58231,3791,04,2.918550380394225,39.36989131844987,4.03,1204,0.1204
49973,3791,06,2.918550380394225,39.36989131844987,4.03,1218,0.1218
62360,3791,07,2.918550380394225,39.36989131844987,4.03,1186,0.1186
25199,3791,11,2.918550380394225,39.36989131844987,4.03,1388,0.1388
29328,3791,03,2.918550380394225,39.36989131844987,4.03,1515,0.1515
41715,3791,05,2.918550380394225,39.36989131844987,4.03,1228,0.1228
33457,3791,08,2.918550380394225,39.36989131844987,4.03,1383,0.1383
37586,3791,12,2.918550380394225,39.36989131844987,4.03,1430,0.143
45844,3791,8A,2.918550380394225,39.36989131844987,4.03,1193,0.1193
16941,3791,04,2.918550380394225,39.36989131844987,4.03,1430,0.143
8683,3791,06,2.918550380394225,39.36989131844987,4.03,1374,0.1374
4554,3791,8A,2.918550380394225,39.36989131844987,4.03,1460,0.146
12812,3791,02,2.918550380394225,39.36989131844987,4.03,1677,0.1677
425,3791,05,2.918550380394225,39.36989131844987,4.03,1427,0.1427
21070,3791,07,2.918550380394225,39.36989131844987,4.03,1410,0.141
74747,3791,08,2.918550380394225,39.36989131844987,4.03,1234,0.1234
78876,3791,12,2.918550380394225,39.36989131844987,4.03,1173,0.1173
74742,3792,08,2.9634668821170496,39.36989106844503,22.48,1234,0.1234
78871,3792,12,2.9634668821170496,39.36989106844503,22.48,1173,0.1173
45839,3792,8A,2.9634668821170496,39.36989106844503,22.48,1193,0.1193
25194,3792,11,2.9634668821170496,39.36989106844503,22.48,1388,0.1388
33452,3792,08,2.9634668821170496,39.36989106844503,22.48,1383,0.1383
41710,3792,05,2.9634668821170496,39.36989106844503,22.48,1228,0.1228
37581,3792,12,2.9634668821170496,39.36989106844503,22.48,1430,0.143
29323,3792,03,2.9634668821170496,39.36989106844503,22.48,1515,0.1515
66484,3792,11,2.9634668821170496,39.36989106844503,22.48,1194,0.1194
54097,3792,02,2.9634668821170496,39.36989106844503,22.48,1523,0.1523
62355,3792,07,2.9634668821170496,39.36989106844503,22.48,1186,0.1186
49968,3792,06,2.9634668821170496,39.36989106844503,22.48,1218,0.1218
70613,3792,03,2.9634668821170496,39.36989106844503,22.48,1289,0.1289
58226,3792,04,2.9634668821170496,39.36989106844503,22.48,1204,0.1204
420,3792,05,2.9634668821170496,39.36989106844503,22.48,1427,0.1427
4549,3792,8A,2.9634668821170496,39.36989106844503,22.48,1460,0.146
16936,3792,04,2.9634668821170496,39.36989106844503,22.48,1430,0.143
12807,3792,02,2.9634668821170496,39.36989106844503,22.48,1677,0.1677
8678,3792,06,2.9634668821170496,39.36989106844503,22.48,1374,0.1374
21065,3792,07,2.9634668821170496,39.36989106844503,22.48,1410,0.141
16942,3793,04,3.0085272822702906,39.369661681673485,7.25,1430,0.143
4555,3793,8A,3.0085272822702906,39.369661681673485,7.25,1460,0.146
8684,3793,06,3.0085272822702906,39.369661681673485,7.25,1374,0.1374
12813,3793,02,3.0085272822702906,39.369661681673485,7.25,1677,0.1677
426,3793,05,3.0085272822702906,39.369661681673485,7.25,1427,0.1427
21071,3793,07,3.0085272822702906,39.369661681673485,7.25,1410,0.141
29329,3793,03,3.0085272822702906,39.369661681673485,7.25,1515,0.1515
37587,3793,12,3.0085272822702906,39.369661681673485,7.25,1430,0.143
41716,3793,05,3.0085272822702906,39.369661681673485,7.25,1228,0.1228
45845,3793,8A,3.0085272822702906,39.369661681673485,7.25,1193,0.1193
25200,3793,11,3.0085272822702906,39.369661681673485,7.25,1388,0.1388
33458,3793,08,3.0085272822702906,39.369661681673485,7.25,1383,0.1383
74748,3793,08,3.0085272822702906,39.369661681673485,7.25,1234,0.1234
78877,3793,12,3.0085272822702906,39.369661681673485,7.25,1173,0.1173
62361,3793,07,3.0085272822702906,39.369661681673485,7.25,1186,0.1186
54103,3793,02,3.0085272822702906,39.369661681673485,7.25,1523,0.1523
70619,3793,03,3.0085272822702906,39.369661681673485,7.25,1289,0.1289
66490,3793,11,3.0085272822702906,39.369661681673485,7.25,1194,0.1194
58232,3793,04,3.0085272822702906,39.369661681673485,7.25,1204,0.1204
49974,3793,06,3.0085272822702906,39.369661681673485,7.25,1218,0.1218
58233,3794,04,3.0499854983213375,39.37204349369634,13.25,1204,0.1204
66491,3794,11,3.0499854983213375,39.37204349369634,13.25,1194,0.1194
62362,3794,07,3.0499854983213375,39.37204349369634,13.25,1186,0.1186
49975,3794,06,3.0499854983213375,39.37204349369634,13.25,1218,0.1218
54104,3794,02,3.0499854983213375,39.37204349369634,13.25,1523,0.1523
70620,3794,03,3.0499854983213375,39.37204349369634,13.25,1289,0.1289
29330,3794,03,3.0499854983213375,39.37204349369634,13.25,1515,0.1515
45846,3794,8A,3.0499854983213375,39.37204349369634,13.25,1193,0.1193
41717,3794,05,3.0499854983213375,39.37204349369634,13.25,1228,0.1228
33459,3794,08,3.0499854983213375,39.37204349369634,13.25,1383,0.1383
37588,3794,12,3.0499854983213375,39.37204349369634,13.25,1430,0.143
25201,3794,11,3.0499854983213375,39.37204349369634,13.25,1388,0.1388
8685,3794,06,3.0499854983213375,39.37204349369634,13.25,1374,0.1374
427,3794,05,3.0499854983213375,39.37204349369634,13.25,1427,0.1427
4556,3794,8A,3.0499854983213375,39.37204349369634,13.25,1460,0.146
16943,3794,04,3.0499854983213375,39.37204349369634,13.25,1430,0.143
12814,3794,02,3.0499854983213375,39.37204349369634,13.25,1677,0.1677
21072,3794,07,3.0499854983213375,39.37204349369634,13.25,1410,0.141
78878,3794,12,3.0499854983213375,39.37204349369634,13.25,1173,0.1173
74749,3794,08,3.0499854983213375,39.37204349369634,13.25,1234,0.1234
74750,3795,08,3.143134196057085,39.369890276763,9.99,1234,0.1234
78879,3795,12,3.143134196057085,39.369890276763,9.99,1173,0.1173
25202,3795,11,3.143134196057085,39.369890276763,9.99,1388,0.1388
37589,3795,12,3.143134196057085,39.369890276763,9.99,1430,0.143
41718,3795,05,3.143134196057085,39.369890276763,9.99,1228,0.1228
45847,3795,8A,3.143134196057085,39.369890276763,9.99,1193,0.1193
29331,3795,03,3.143134196057085,39.369890276763,9.99,1515,0.1515
33460,3795,08,3.143134196057085,39.369890276763,9.99,1383,0.1383
58234,3795,04,3.143134196057085,39.369890276763,9.99,1204,0.1204
49976,3795,06,3.143134196057085,39.369890276763,9.99,1218,0.1218
70621,3795,03,3.143134196057085,39.369890276763,9.99,1289,0.1289
66492,3795,11,3.143134196057085,39.369890276763,9.99,1194,0.1194
62363,3795,07,3.143134196057085,39.369890276763,9.99,1186,0.1186
54105,3795,02,3.143134196057085,39.369890276763,9.99,1523,0.1523
16944,3795,04,3.143134196057085,39.369890276763,9.99,1430,0.143
8686,3795,06,3.143134196057085,39.369890276763,9.99,1374,0.1374
4557,3795,8A,3.143134196057085,39.369890276763,9.99,1460,0.146
21073,3795,07,3.143134196057085,39.369890276763,9.99,1410,0.141
428,3795,05,3.143134196057085,39.369890276763,9.99,1427,0.1427
12815,3795,02,3.143134196057085,39.369890276763,9.99,1677,0.1677
12816,3796,02,2.51430412325343,39.33516091573656,13.49,1677,0.1677
429,3796,05,2.51430412325343,39.33516091573656,13.49,1427,0.1427
8687,3796,06,2.51430412325343,39.33516091573656,13.49,1374,0.1374
16945,3796,04,2.51430412325343,39.33516091573656,13.49,1430,0.143
21074,3796,07,2.51430412325343,39.33516091573656,13.49,1410,0.141
4558,3796,8A,2.51430412325343,39.33516091573656,13.49,1460,0.146
29332,3796,03,2.51430412325343,39.33516091573656,13.49,1515,0.1515
45848,3796,8A,2.51430412325343,39.33516091573656,13.49,1193,0.1193
37590,3796,12,2.51430412325343,39.33516091573656,13.49,1430,0.143
33461,3796,08,2.51430412325343,39.33516091573656,13.49,1383,0.1383
25203,3796,11,2.51430412325343,39.33516091573656,13.49,1388,0.1388
41719,3796,05,2.51430412325343,39.33516091573656,13.49,1228,0.1228
78880,3796,12,2.51430412325343,39.33516091573656,13.49,1173,0.1173
74751,3796,08,2.51430412325343,39.33516091573656,13.49,1234,0.1234
49977,3796,06,2.51430412325343,39.33516091573656,13.49,1218,0.1218
58235,3796,04,2.51430412325343,39.33516091573656,13.49,1204,0.1204
54106,3796,02,2.51430412325343,39.33516091573656,13.49,1523,0.1523
62364,3796,07,2.51430412325343,39.33516091573656,13.49,1186,0.1186
66493,3796,11,2.51430412325343,39.33516091573656,13.49,1194,0.1194
70622,3796,03,2.51430412325343,39.33516091573656,13.49,1289,0.1289
66494,3797,11,2.7835948636833296,39.33499310666836,17.52,1194,0.1194
70623,3797,03,2.7835948636833296,39.33499310666836,17.52,1289,0.1289
58236,3797,04,2.7835948636833296,39.33499310666836,17.52,1204,0.1204
54107,3797,02,2.7835948636833296,39.33499310666836,17.52,1523,0.1523
62365,3797,07,2.7835948636833296,39.33499310666836,17.52,1186,0.1186
49978,3797,06,2.7835948636833296,39.33499310666836,17.52,1218,0.1218
25204,3797,11,2.7835948636833296,39.33499310666836,17.52,1388,0.1388
41720,3797,05,2.7835948636833296,39.33499310666836,17.52,1228,0.1228
45849,3797,8A,2.7835948636833296,39.33499310666836,17.52,1193,0.1193
33462,3797,08,2.7835948636833296,39.33499310666836,17.52,1383,0.1383
29333,3797,03,2.7835948636833296,39.33499310666836,17.52,1515,0.1515
37591,3797,12,2.7835948636833296,39.33499310666836,17.52,1430,0.143
8688,3797,06,2.7835948636833296,39.33499310666836,17.52,1374,0.1374
16946,3797,04,2.7835948636833296,39.33499310666836,17.52,1430,0.143
12817,3797,02,2.7835948636833296,39.33499310666836,17.52,1677,0.1677
430,3797,05,2.7835948636833296,39.33499310666836,17.52,1427,0.1427
4559,3797,8A,2.7835948636833296,39.33499310666836,17.52,1460,0.146
21075,3797,07,2.7835948636833296,39.33499310666836,17.52,1410,0.141
74752,3797,08,2.7835948636833296,39.33499310666836,17.52,1234,0.1234
78881,3797,12,2.7835948636833296,39.33499310666836,17.52,1173,0.1173
74753,3798,08,2.8287176338667472,39.33515972762309,12.82,1234,0.1234
78882,3798,12,2.8287176338667472,39.33515972762309,12.82,1173,0.1173
37592,3798,12,2.8287176338667472,39.33515972762309,12.82,1430,0.143
45850,3798,8A,2.8287176338667472,39.33515972762309,12.82,1193,0.1193
33463,3798,08,2.8287176338667472,39.33515972762309,12.82,1383,0.1383
25205,3798,11,2.8287176338667472,39.33515972762309,12.82,1388,0.1388
29334,3798,03,2.8287176338667472,39.33515972762309,12.82,1515,0.1515
41721,3798,05,2.8287176338667472,39.33515972762309,12.82,1228,0.1228
62366,3798,07,2.8287176338667472,39.33515972762309,12.82,1186,0.1186
70624,3798,03,2.8287176338667472,39.33515972762309,12.82,1289,0.1289
58237,3798,04,2.8287176338667472,39.33515972762309,12.82,1204,0.1204
49979,3798,06,2.8287176338667472,39.33515972762309,12.82,1218,0.1218
66495,3798,11,2.8287176338667472,39.33515972762309,12.82,1194,0.1194
54108,3798,02,2.8287176338667472,39.33515972762309,12.82,1523,0.1523
21076,3798,07,2.8287176338667472,39.33515972762309,12.82,1410,0.141
4560,3798,8A,2.8287176338667472,39.33515972762309,12.82,1460,0.146
8689,3798,06,2.8287176338667472,39.33515972762309,12.82,1374,0.1374
16947,3798,04,2.8287176338667472,39.33515972762309,12.82,1430,0.143
12818,3798,02,2.8287176338667472,39.33515972762309,12.82,1677,0.1677
431,3798,05,2.8287176338667472,39.33515972762309,12.82,1427,0.1427
12819,3799,02,2.8707502210323614,39.3326998795187,6.7,1677,0.1677
432,3799,05,2.8707502210323614,39.3326998795187,6.7,1427,0.1427
8690,3799,06,2.8707502210323614,39.3326998795187,6.7,1374,0.1374
4561,3799,8A,2.8707502210323614,39.3326998795187,6.7,1460,0.146
16948,3799,04,2.8707502210323614,39.3326998795187,6.7,1430,0.143
21077,3799,07,2.8707502210323614,39.3326998795187,6.7,1410,0.141
25206,3799,11,2.8707502210323614,39.3326998795187,6.7,1388,0.1388
41722,3799,05,2.8707502210323614,39.3326998795187,6.7,1228,0.1228
45851,3799,8A,2.8707502210323614,39.3326998795187,6.7,1193,0.1193
33464,3799,08,2.8707502210323614,39.3326998795187,6.7,1383,0.1383
37593,3799,12,2.8707502210323614,39.3326998795187,6.7,1430,0.143
29335,3799,03,2.8707502210323614,39.3326998795187,6.7,1515,0.1515
78883,3799,12,2.8707502210323614,39.3326998795187,6.7,1173,0.1173
74754,3799,08,2.8707502210323614,39.3326998795187,6.7,1234,0.1234
54109,3799,02,2.8707502210323614,39.3326998795187,6.7,1523,0.1523
66496,3799,11,2.8707502210323614,39.3326998795187,6.7,1194,0.1194
49980,3799,06,2.8707502210323614,39.3326998795187,6.7,1218,0.1218
62367,3799,07,2.8707502210323614,39.3326998795187,6.7,1186,0.1186
58238,3799,04,2.8707502210323614,39.3326998795187,6.7,1204,0.1204
70625,3799,03,2.8707502210323614,39.3326998795187,6.7,1289,0.1289
70626,3800,03,2.91846934606739,39.33527046526994,5.06,1289,0.1289
54110,3800,02,2.91846934606739,39.33527046526994,5.06,1523,0.1523
62368,3800,07,2.91846934606739,39.33527046526994,5.06,1186,0.1186
58239,3800,04,2.91846934606739,39.33527046526994,5.06,1204,0.1204
49981,3800,06,2.91846934606739,39.33527046526994,5.06,1218,0.1218
66497,3800,11,2.91846934606739,39.33527046526994,5.06,1194,0.1194
25207,3800,11,2.91846934606739,39.33527046526994,5.06,1388,0.1388
41723,3800,05,2.91846934606739,39.33527046526994,5.06,1228,0.1228
29336,3800,03,2.91846934606739,39.33527046526994,5.06,1515,0.1515
33465,3800,08,2.91846934606739,39.33527046526994,5.06,1383,0.1383
45852,3800,8A,2.91846934606739,39.33527046526994,5.06,1193,0.1193
37594,3800,12,2.91846934606739,39.33527046526994,5.06,1430,0.143
433,3800,05,2.91846934606739,39.33527046526994,5.06,1427,0.1427
4562,3800,8A,2.91846934606739,39.33527046526994,5.06,1460,0.146
21078,3800,07,2.91846934606739,39.33527046526994,5.06,1410,0.141
8691,3800,06,2.91846934606739,39.33527046526994,5.06,1374,0.1374
12820,3800,02,2.91846934606739,39.33527046526994,5.06,1677,0.1677
16949,3800,04,2.91846934606739,39.33527046526994,5.06,1430,0.143
74755,3800,08,2.91846934606739,39.33527046526994,5.06,1234,0.1234
78884,3800,12,2.91846934606739,39.33527046526994,5.06,1173,0.1173
74756,3801,08,2.9634127819773783,39.33533275425071,5.27,1234,0.1234
78885,3801,12,2.9634127819773783,39.33533275425071,5.27,1173,0.1173
29337,3801,03,2.9634127819773783,39.33533275425071,5.27,1515,0.1515
41724,3801,05,2.9634127819773783,39.33533275425071,5.27,1228,0.1228
45853,3801,8A,2.9634127819773783,39.33533275425071,5.27,1193,0.1193
37595,3801,12,2.9634127819773783,39.33533275425071,5.27,1430,0.143
25208,3801,11,2.9634127819773783,39.33533275425071,5.27,1388,0.1388
33466,3801,08,2.9634127819773783,39.33533275425071,5.27,1383,0.1383
70627,3801,03,2.9634127819773783,39.33533275425071,5.27,1289,0.1289
62369,3801,07,2.9634127819773783,39.33533275425071,5.27,1186,0.1186
49982,3801,06,2.9634127819773783,39.33533275425071,5.27,1218,0.1218
58240,3801,04,2.9634127819773783,39.33533275425071,5.27,1204,0.1204
54111,3801,02,2.9634127819773783,39.33533275425071,5.27,1523,0.1523
66498,3801,11,2.9634127819773783,39.33533275425071,5.27,1194,0.1194
434,3801,05,2.9634127819773783,39.33533275425071,5.27,1427,0.1427
4563,3801,8A,2.9634127819773783,39.33533275425071,5.27,1460,0.146
12821,3801,02,2.9634127819773783,39.33533275425071,5.27,1677,0.1677
16950,3801,04,2.9634127819773783,39.33533275425071,5.27,1430,0.143
21079,3801,07,2.9634127819773783,39.33533275425071,5.27,1410,0.141
8692,3801,06,2.9634127819773783,39.33533275425071,5.27,1374,0.1374
21080,3802,07,3.008383311076335,39.335158838274985,4.94,1410,0.141
12822,3802,02,3.008383311076335,39.335158838274985,4.94,1677,0.1677
16951,3802,04,3.008383311076335,39.335158838274985,4.94,1430,0.143
8693,3802,06,3.008383311076335,39.335158838274985,4.94,1374,0.1374
435,3802,05,3.008383311076335,39.335158838274985,4.94,1427,0.1427
4564,3802,8A,3.008383311076335,39.335158838274985,4.94,1460,0.146
25209,3802,11,3.008383311076335,39.335158838274985,4.94,1388,0.1388
41725,3802,05,3.008383311076335,39.335158838274985,4.94,1228,0.1228
33467,3802,08,3.008383311076335,39.335158838274985,4.94,1383,0.1383
29338,3802,03,3.008383311076335,39.335158838274985,4.94,1515,0.1515
45854,3802,8A,3.008383311076335,39.335158838274985,4.94,1193,0.1193
37596,3802,12,3.008383311076335,39.335158838274985,4.94,1430,0.143
74757,3802,08,3.008383311076335,39.335158838274985,4.94,1234,0.1234
78886,3802,12,3.008383311076335,39.335158838274985,4.94,1173,0.1173
49983,3802,06,3.008383311076335,39.335158838274985,4.94,1218,0.1218
62370,3802,07,3.008383311076335,39.335158838274985,4.94,1186,0.1186
54112,3802,02,3.008383311076335,39.335158838274985,4.94,1523,0.1523
70628,3802,03,3.008383311076335,39.335158838274985,4.94,1289,0.1289
66499,3802,11,3.008383311076335,39.335158838274985,4.94,1194,0.1194
58241,3802,04,3.008383311076335,39.335158838274985,4.94,1204,0.1204
62371,3803,07,3.053300062530809,39.33515862983402,6.54,1186,0.1186
54113,3803,02,3.053300062530809,39.33515862983402,6.54,1523,0.1523
70629,3803,03,3.053300062530809,39.33515862983402,6.54,1289,0.1289
49984,3803,06,3.053300062530809,39.33515862983402,6.54,1218,0.1218
66500,3803,11,3.053300062530809,39.33515862983402,6.54,1194,0.1194
58242,3803,04,3.053300062530809,39.33515862983402,6.54,1204,0.1204
37597,3803,12,3.053300062530809,39.33515862983402,6.54,1430,0.143
29339,3803,03,3.053300062530809,39.33515862983402,6.54,1515,0.1515
45855,3803,8A,3.053300062530809,39.33515862983402,6.54,1193,0.1193
33468,3803,08,3.053300062530809,39.33515862983402,6.54,1383,0.1383
